ID_Iqama_Num,First_Name,Second_Name,Last_Name,Nationality,Email,PhoneNumber,DOB,Customer_Type,Short_Address
1432522324,James,Gordon,Adkins,Syrian,james.adkins@Gmail.com,566286030,13/08/2003,Corporate,FRLY8710
1895572579,Leslie,Elizabeth,Adams,Pakistani,leslie.adams@iCloud.com,557484978,26/12/1960,Retail,GSID7040
1423714587,Robert,Kimberly,Chavez,Saudi,robert.chavez@Gmail.com,577370209,23/07/2008,Retail,RMDD7983
2112268966,Scott,Rebecca,King,Saudi,scott.king@Uj.edu.sa,536682007,09/02/1981,Retail,TLQX6700
1820620654,Eric,Joseph,Walker,Saudi,eric.walker@Hotmail.com,519834089,25/05/1960,Retail,KJJE4590
2622249050,Jennifer,Jeffery,Yates,Saudi,jennifer.yates@iCloud.com,562044615,23/03/2005,Corporate,DESF4857
2040253610,Jennifer,Brooke,Harvey,Saudi,jennifer.harvey@Outlook.com,532688335,06/09/2013,Retail,GRGJ1726
2926610517,Donna,Jennifer,Wade,Saudi,donna.wade@Yahoo.com,561369911,05/09/1964,Retail,YMHH7496
1963524456,Austin,Stephanie,Vasquez,Filipino,austin.vasquez@iCloud.com,578419589,20/01/1988,Retail,QTSO7820
1461735383,Jonathan,Morgan,Phillips,Saudi,jonathan.phillips@Kau.edu.sa,537720708,11/03/1967,Retail,AKWO6423
1328415643,Tammy,Derrick,Moore,Filipino,tammy.moore@Gmail.com,547440156,20/01/1956,Retail,UTKK3364
1057526832,Richard,Christy,Smith,Saudi,richard.smith@Uj.edu.sa,567225851,02/09/2014,Corporate,JVTM7591
1855529949,Jane,Raymond,Jones,American,jane.jones@Yahoo.com,549296986,27/02/2003,Retail,YUKT7934
1989959806,Mark,Crystal,Rodriguez,Sudanese,mark.rodriguez@Uj.edu.sa,593232551,02/12/1994,Retail,GRZM1620
1397684958,Christopher,Janice,Hickman,American,christopher.hickman@Kau.edu.sa,560011590,08/11/1968,Retail,MPIS8341
1354791890,Margaret,Mary,Smith,Saudi,margaret.smith@Outlook.com,598964188,06/07/1991,Retail,QAKX6487
1838600828,William,Andrew,David,Saudi,william.david@Kau.edu.sa,565438882,20/07/1980,Corporate,RBEQ4287
2870357577,Kristy,Patricia,Perry,Saudi,kristy.perry@Gov.sa,578792049,28/12/1953,Corporate,BVPX7138
2007755191,Latoya,Jon,Garrison,Saudi,latoya.garrison@Outlook.com,572533496,23/04/1955,Retail,THSR6078
1349807101,Richard,Richard,Gonzalez,Bangladeshi,richard.gonzalez@Hotmail.com,519685367,07/02/1989,Retail,ULLB2423
2287267103,Austin,Scott,Lopez,Pakistani,austin.lopez@Gov.sa,538968908,22/11/2001,Retail,YEEQ7164
2801963844,Daniel,Anna,Harper,Saudi,daniel.harper@Kau.edu.sa,556969574,27/10/2014,Corporate,WALK9812
1881221406,Kevin,Daniel,Becker,Saudi,kevin.becker@Kau.edu.sa,537582112,13/12/1967,Corporate,RRWU1865
1593479734,Brian,Rodney,Cooper,American,brian.cooper@Kau.edu.sa,565622052,07/06/1968,Corporate,EUCL9121
2214892240,Joshua,Cynthia,Perez,Saudi,joshua.perez@Yahoo.com,584286729,15/01/2008,Retail,YLHE1424
1112725550,Brenda,Emily,Scott,Saudi,brenda.scott@iCloud.com,563852816,29/01/2008,Retail,QEYB7347
2660841428,Jane,Angela,Pratt,Saudi,jane.pratt@Hotmail.com,596590679,13/04/1981,Retail,FWXX4322
1951873344,Stephanie,Jamie,Charles,Filipino,stephanie.charles@iCloud.com,572630400,14/06/1961,Retail,PHUR1330
2991142047,Timothy,Samuel,Clark,Saudi,timothy.clark@Gov.sa,572623709,01/07/1983,Retail,FNAA2400
1672781761,Christina,Carolyn,Leonard,Filipino,christina.leonard@iCloud.com,583585343,10/08/2018,Retail,TBYK2079
1997182578,Michael,Carrie,Clark,Egyptian,michael.clark@Yahoo.com,566748949,16/07/1995,Corporate,CUGA1070
2109545968,Lisa,Maurice,Garrett,Saudi,lisa.garrett@Uj.edu.sa,524892335,18/06/1995,Retail,HJFW1672
1687687977,John,Anthony,King,Egyptian,john.king@Gmail.com,546433815,10/05/1996,Retail,ZRWA7354
2921185543,Amy,Chad,Mullen,Saudi,amy.mullen@Kau.edu.sa,573795675,08/09/1985,Corporate,IKKB4211
2432672410,Randy,Kelly,Casey,Saudi,randy.casey@Gmail.com,576403227,19/07/2005,Retail,DVGL1159
1020365044,Andrea,Tiffany,Wall,Saudi,andrea.wall@Kau.edu.sa,566017303,07/02/1956,Corporate,GILF9442
2875412671,Kyle,Cynthia,Riley,Sudanese,kyle.riley@Kau.edu.sa,574995741,31/03/1997,Corporate,AXYK1098
1151767031,Peter,Tyler,Pennington,Pakistani,peter.pennington@Outlook.com,528259650,09/06/2007,Retail,FJOI3195
1393647652,Barbara,Thomas,Sosa,Pakistani,barbara.sosa@Kau.edu.sa,534647444,19/02/2010,Retail,IEOC9054
1693283281,Michelle,Larry,Chen,Saudi,michelle.chen@Yahoo.com,592068510,17/01/1974,Retail,IZFF3577
2960592404,Tanner,Emily,Castro,Saudi,tanner.castro@Outlook.com,599153733,13/05/1995,Retail,FVCO8202
2436686372,David,Tara,Reese,Filipino,david.reese@iCloud.com,590314848,21/09/1977,Retail,BEGE9052
2930833497,Cameron,Ryan,Richmond,Filipino,cameron.richmond@Gov.sa,540352577,03/01/2001,Retail,PHLL2081
1724036606,Gary,Barbara,Peters,Indian,gary.peters@Yahoo.com,545364952,17/02/2010,Corporate,OVEC1121
2272118925,Caleb,Daniel,Jenkins,Saudi,caleb.jenkins@Hotmail.com,576606726,10/07/1958,Retail,EUHH5044
1794761940,Jennifer,Cheyenne,Smith,Pakistani,jennifer.smith@Outlook.com,552759389,21/03/1957,Retail,UVRW3358
1683510102,Rhonda,Megan,Silva,Saudi,rhonda.silva@Gmail.com,551863135,31/10/1977,Retail,ADPR8123
2084737332,John,Douglas,Simmons,Pakistani,john.simmons@Gov.sa,593516271,26/03/1955,Corporate,DKZB2839
1972200699,Stephen,Willie,Leonard,Saudi,stephen.leonard@Gmail.com,576780116,26/11/2013,Retail,EEMC9070
1170277208,Madeline,Jody,Wright,Saudi,madeline.wright@Kau.edu.sa,537048411,25/04/1959,Retail,RQLT8586
2053973096,Andrea,Cristian,Hall,Saudi,andrea.hall@Hotmail.com,522501749,04/02/2003,Retail,JHWN8366
1042035176,Nicholas,Jeffrey,Roberson,Jordanian,nicholas.roberson@Hotmail.com,566962229,01/12/2011,Retail,MZOX2596
1968339998,Kimberly,Michelle,Salazar,Pakistani,kimberly.salazar@Yahoo.com,565848928,27/09/1988,Retail,QJDE2991
2923524680,Cheyenne,Steven,Hutchinson,Filipino,cheyenne.hutchinson@Gov.sa,583338840,12/12/1953,Corporate,VOVC2661
1275395980,Michael,Brittany,Davidson,Saudi,michael.davidson@iCloud.com,531601775,31/12/2000,Retail,TQMU2386
1592646977,Krystal,Victoria,Coleman,Sudanese,krystal.coleman@Hotmail.com,584691827,31/10/1982,Retail,JULS6804
1294689325,Chris,Donald,Mitchell,Saudi,chris.mitchell@Gov.sa,571726185,07/06/1955,Retail,JZYP8858
1837185119,Justin,Christine,Aguilar,Bangladeshi,justin.aguilar@Hotmail.com,579281000,13/03/1990,Retail,BTXW4130
2214703397,David,Jane,Santos,Indian,david.santos@Hotmail.com,588312555,19/07/1981,Corporate,LUSV3789
1862872315,William,Nicholas,Jackson,Saudi,william.jackson@Uj.edu.sa,533643531,03/10/1980,Corporate,SXDX1345
1494412589,Larry,John,Mendez,Saudi,larry.mendez@Gmail.com,548675097,03/12/1996,Retail,LPRG6825
2110832589,Matthew,Michelle,Wolfe,Syrian,matthew.wolfe@Uj.edu.sa,588011184,12/07/1966,Retail,KHQY5506
1680681500,Pamela,Diane,King,Saudi,pamela.king@iCloud.com,525883799,12/04/1998,Retail,LIAP3872
2126983810,Benjamin,Robert,Campbell,Saudi,benjamin.campbell@Gov.sa,579746653,03/03/2006,Retail,XMBC1890
2279387755,Daniel,Wendy,Collins,Saudi,daniel.collins@Hotmail.com,570530878,10/07/2012,Retail,TCSF9967
2712878149,Sarah,Autumn,White,Pakistani,sarah.white@Outlook.com,567432107,12/05/1992,Retail,POBU8294
1344105056,Anita,Claudia,Aguirre,Saudi,anita.aguirre@Gov.sa,598137436,14/02/1970,Corporate,NEIT8430
2544732338,Brooke,Steven,Perez,Saudi,brooke.perez@Hotmail.com,585848542,23/07/2016,Corporate,RISL2028
2244858757,Derek,Joshua,Mccarthy,Egyptian,derek.mccarthy@Hotmail.com,545669623,23/07/1967,Retail,NUSB5083
1933124919,Benjamin,Joseph,Mata,Saudi,benjamin.mata@Outlook.com,531552018,12/07/2000,Retail,FZRG8627
2184086878,Paul,Martha,Adkins,Saudi,paul.adkins@Outlook.com,563644640,21/08/2009,Retail,SEBE7233
1911264491,Christie,Barbara,Gardner,Saudi,christie.gardner@Yahoo.com,517884553,28/04/2001,Retail,IZNI3342
2022030200,Rebecca,Joshua,King,Saudi,rebecca.king@Gov.sa,536005804,04/08/2009,Corporate,TLVB3938
2478580818,Denise,Alexander,Diaz,Filipino,denise.diaz@Gov.sa,594777317,19/07/1967,Retail,EYEW1048
2529255165,Mark,Billy,Velazquez,Saudi,mark.velazquez@Gov.sa,586129060,02/11/1950,Retail,KLOK3913
2878231235,Jessica,Allison,Escobar,Saudi,jessica.escobar@Hotmail.com,511407907,13/01/1951,Corporate,SDOM4079
1560597810,Lisa,Barbara,Washington,Saudi,lisa.washington@Yahoo.com,551131948,24/10/1985,Corporate,RUCU1683
2308338836,Marissa,Sean,Miller,Sudanese,marissa.miller@Yahoo.com,559378095,18/07/2004,Corporate,WOYP6115
2770900977,Amber,Gina,Ryan,Saudi,amber.ryan@iCloud.com,552379166,20/09/1986,Retail,NVDA4848
1265420779,Rodney,Cynthia,Walker,Saudi,rodney.walker@Outlook.com,596648579,25/06/1999,Corporate,CEZO1519
1585645668,Casey,Russell,Walter,Pakistani,casey.walter@Yahoo.com,544816374,10/06/1950,Retail,TVTG5861
1698722322,Ian,Tamara,Cooper,Syrian,ian.cooper@Kau.edu.sa,514146097,29/01/2016,Corporate,HGCT7093
1052017348,Karen,Lauren,Paul,Saudi,karen.paul@Kau.edu.sa,596715326,07/08/1984,Corporate,ZCRO7215
2758437256,Julian,Beth,Koch,Saudi,julian.koch@Outlook.com,535205706,06/11/2014,Retail,NRQB2558
1921238626,Patricia,Erin,Edwards,Saudi,patricia.edwards@Gmail.com,523895116,22/03/1996,Corporate,AJBX7509
2521610211,Joshua,Kim,Levine,Saudi,joshua.levine@Kau.edu.sa,516686906,05/07/2009,Corporate,XETF8007
1415801509,Barbara,Fred,Rivera,Indian,barbara.rivera@iCloud.com,556816004,29/06/1975,Corporate,BSSL9653
2257303835,Brooke,Crystal,Hall,Egyptian,brooke.hall@Gov.sa,526702776,21/11/1990,Retail,BDBY3377
1762668951,Nicole,Steven,Davis,Pakistani,nicole.davis@Outlook.com,520486223,06/07/1988,Retail,LPFV4491
1242820688,Cassandra,Mark,Hammond,Saudi,cassandra.hammond@Outlook.com,587503362,03/01/1973,Corporate,NNYL4155
1015114267,Ronald,John,King,Saudi,ronald.king@Yahoo.com,543665572,23/07/2014,Retail,CHTQ9524
1717790049,Tamara,Brian,Green,Sudanese,tamara.green@Hotmail.com,549344399,23/09/2016,Corporate,DYVY7806
2404090638,Karen,Clinton,Zimmerman,American,karen.zimmerman@Uj.edu.sa,561937683,13/08/2000,Retail,YRXI6668
2261214595,Charles,Patrick,Jensen,Saudi,charles.jensen@Gmail.com,593010622,16/01/2003,Retail,TTWH4692
1183760686,Janice,Megan,Macdonald,Bangladeshi,janice.macdonald@Outlook.com,513117634,15/04/1964,Corporate,OFLT6049
2864817897,Lisa,Destiny,Rivera,Filipino,lisa.rivera@Yahoo.com,543546790,19/04/1968,Retail,OEHV7129
2394084892,Ann,Robert,Baker,Indian,ann.baker@Hotmail.com,520963820,26/01/1952,Corporate,PDMC9491
1222317513,Matthew,Michael,Martin,Saudi,matthew.martin@Uj.edu.sa,599733176,26/06/1989,Retail,UZZE1036
2329531255,Christopher,Carlos,Escobar,American,christopher.escobar@Kau.edu.sa,534309409,31/05/2007,Retail,QNSF1587
1928510409,Sara,Jack,Shields,Saudi,sara.shields@Kau.edu.sa,513922182,25/05/1987,Corporate,KHIY1732
1960918889,Destiny,Jessica,Perez,Saudi,destiny.perez@Uj.edu.sa,520493972,22/11/1969,Corporate,DNKE4935
1537079141,James,Carlos,Thompson,Saudi,james.thompson@Kau.edu.sa,537593515,17/05/1972,Retail,XQKO3968
1800741533,Kenneth,Reginald,Miller,Saudi,kenneth.miller@Gov.sa,543208312,04/09/1990,Retail,DUHH3092
2043324975,Aaron,Lauren,Stone,Saudi,aaron.stone@Outlook.com,566562818,15/06/1957,Corporate,PNRJ3269
1077806858,Gloria,Duane,Vasquez,Jordanian,gloria.vasquez@iCloud.com,522121775,07/11/2016,Retail,KEWW2466
1352457594,Cameron,Joseph,Ferguson,Saudi,cameron.ferguson@Hotmail.com,510940785,24/12/1969,Corporate,SRGA6353
1489979242,Russell,Ian,Duran,Saudi,russell.duran@Gmail.com,548079875,30/12/1983,Corporate,CFNU5745
1590487520,Gerald,Claudia,Hall,Indian,gerald.hall@Gov.sa,537874165,05/06/1957,Corporate,PCKZ9672
1830770102,Kathy,Carlos,Sherman,Egyptian,kathy.sherman@Outlook.com,597028247,16/02/1965,Retail,DKDU5541
2787440287,Stephen,Brian,Simmons,Bangladeshi,stephen.simmons@Hotmail.com,532290229,07/04/1991,Retail,JCTH6993
2683508222,Danielle,Lisa,Davis,Saudi,danielle.davis@Gmail.com,553755630,01/04/1951,Retail,HQFF6834
2988739703,Jennifer,Steven,Logan,Saudi,jennifer.logan@Gmail.com,533409786,26/12/1967,Retail,EULG2253
1714089813,Patrick,David,Bowman,Bangladeshi,patrick.bowman@Kau.edu.sa,551036902,01/11/2016,Retail,MSNR8520
2976291383,Wanda,Benjamin,Robinson,Saudi,wanda.robinson@Outlook.com,595745033,02/07/1989,Retail,FNOL4361
1458286776,Jessica,James,Allen,American,jessica.allen@Kau.edu.sa,538277683,30/10/1977,Corporate,YLSM6796
1980862835,Shane,Scott,Anderson,Saudi,shane.anderson@iCloud.com,514571819,21/12/1986,Retail,LOWC5939
1877639228,Christopher,Amanda,Roach,Saudi,christopher.roach@Yahoo.com,569881628,04/05/2017,Retail,RNDN7321
2674112244,Candice,William,Castro,Saudi,candice.castro@Hotmail.com,591656231,07/12/1993,Corporate,BNHZ3207
1249936944,Manuel,Joseph,Moore,Saudi,manuel.moore@Gov.sa,515807168,25/01/1978,Corporate,XRGB7158
2516781184,Beth,Steven,Benjamin,Sudanese,beth.benjamin@Uj.edu.sa,583791982,26/09/2005,Corporate,WQNZ3684
2148182945,Ryan,Hailey,Garcia,Saudi,ryan.garcia@iCloud.com,560953814,26/02/2000,Retail,JHKR5478
1254261682,Jason,Kelly,Santana,Jordanian,jason.santana@Uj.edu.sa,562147372,05/04/1980,Retail,OZEQ4918
1721275982,Andrea,Gary,Watts,Saudi,andrea.watts@Outlook.com,575142498,18/01/1994,Retail,FXLU7111
2745344593,Brooke,Daniel,Davis,Saudi,brooke.davis@Yahoo.com,527504438,19/12/1976,Retail,XFTA9703
2096655818,Mark,Michele,Baird,Saudi,mark.baird@Hotmail.com,559060237,10/03/1975,Retail,FBTM3756
1659993585,Gina,Joseph,Robertson,Saudi,gina.robertson@Gmail.com,598735407,31/07/1958,Retail,CBGF8891
1086676486,Ashley,Charles,Gonzales,Egyptian,ashley.gonzales@Gov.sa,514638941,02/10/1965,Corporate,ZBPC4769
1652799481,Jessica,Amber,Chavez,Pakistani,jessica.chavez@Gov.sa,554199663,14/03/1977,Corporate,UKCT1089
2476540363,Marcus,Christopher,Howard,Saudi,marcus.howard@Yahoo.com,540699118,04/06/2011,Retail,SJPL9728
1934092030,Nancy,Cody,Porter,Saudi,nancy.porter@iCloud.com,569054847,03/09/1953,Retail,QLXT4878
1771405631,Kristen,Sarah,Martin,Pakistani,kristen.martin@Yahoo.com,580802347,22/11/1973,Retail,JIFP7010
2202985478,Craig,Michelle,Edwards,Saudi,craig.edwards@Gmail.com,593956046,23/09/1992,Corporate,CVNW8776
2439520380,Lauren,Brandon,Clark,Saudi,lauren.clark@Kau.edu.sa,552993589,24/05/2006,Retail,NEMT6560
1821668580,Kenneth,Travis,George,Saudi,kenneth.george@Uj.edu.sa,511531792,18/01/1976,Retail,CXCJ6763
1222937936,John,Brian,Herrera,Saudi,john.herrera@Outlook.com,537506048,02/10/1992,Retail,MFPF2223
1200655707,Amy,Alan,Robertson,Indian,amy.robertson@Gmail.com,513050399,10/02/2016,Retail,USXY8616
1340040287,Nicholas,Jenna,Bush,Egyptian,nicholas.bush@Gov.sa,566239872,13/06/1974,Retail,ESLB1367
2843148442,Christine,Daniel,Evans,Saudi,christine.evans@Kau.edu.sa,556375392,05/10/1998,Retail,HYKD7505
2679383676,Jose,Renee,Johnston,Saudi,jose.johnston@Kau.edu.sa,533692837,28/06/2005,Retail,LSPE8060
1013580709,Chase,William,Flynn,Saudi,chase.flynn@Gmail.com,552427550,07/06/1975,Retail,UZAN8948
1042238880,Sheri,David,Thompson,Filipino,sheri.thompson@Yahoo.com,588319645,03/05/1997,Retail,FSYH9530
2824181973,Marissa,Lori,Holmes,Jordanian,marissa.holmes@Uj.edu.sa,533418311,02/09/1978,Corporate,TLXQ6266
1982671082,Steven,Michael,Webb,Saudi,steven.webb@Hotmail.com,596185509,26/12/1969,Corporate,SVZW7116
2095081894,Angela,Paul,Ellison,Saudi,angela.ellison@Kau.edu.sa,540399238,19/10/1973,Corporate,UIOS1613
2534057640,Michael,Larry,Johnson,Filipino,michael.johnson@Gmail.com,599119363,07/12/1970,Retail,VDJL4880
2896430538,Jason,Mark,Reyes,Filipino,jason.reyes@Gmail.com,531277346,30/04/1952,Retail,MGLD2524
1264945523,Matthew,Jacob,Stephens,Pakistani,matthew.stephens@Hotmail.com,591843357,02/12/1968,Retail,LHLF9927
1224606304,Kelly,Stephanie,Clark,Saudi,kelly.clark@Yahoo.com,588000379,30/06/1971,Retail,KFZS4714
1461896756,Kim,Jose,Johnson,Saudi,kim.johnson@Gmail.com,573106996,23/10/1954,Retail,GRDO9136
1716615914,Pamela,Madison,Bryant,Saudi,pamela.bryant@Hotmail.com,598930049,24/08/1982,Retail,FGKF6299
1031297523,Richard,Taylor,Lopez,Saudi,richard.lopez@Gov.sa,513106878,17/11/1971,Retail,EBVE2588
2296612156,Melanie,Diana,Harris,Saudi,melanie.harris@Gmail.com,570741877,15/01/1998,Retail,DOWB5551
2463839192,Ryan,Shane,Williamson,Saudi,ryan.williamson@Outlook.com,529481924,21/07/1987,Retail,OLQZ5673
1326706863,Vincent,Sheila,Alvarez,Syrian,vincent.alvarez@Kau.edu.sa,555393051,17/01/1982,Corporate,MVXW4650
2040707073,Robert,Daniel,Villarreal,Saudi,robert.villarreal@Hotmail.com,561568484,08/04/1959,Retail,FSNK9405
2249148255,Andrew,Sarah,Shields,Saudi,andrew.shields@Kau.edu.sa,581929394,24/12/1983,Retail,APRV5513
2393396678,Susan,Dan,Hayes,Saudi,susan.hayes@Kau.edu.sa,528053082,29/03/2008,Retail,KEQR8416
2367076220,Blake,Kimberly,Wilson,Saudi,blake.wilson@iCloud.com,584789739,06/10/1965,Corporate,USEG3449
1937943132,Michael,Randy,Lee,Saudi,michael.lee@Gov.sa,572729140,07/08/2012,Corporate,CLYW8556
2628770791,Julie,Carolyn,Foster,Saudi,julie.foster@Kau.edu.sa,537597895,06/12/1983,Corporate,YDUE9934
1966555564,Monica,Tristan,Ramos,Pakistani,monica.ramos@Gov.sa,577767038,27/02/2000,Corporate,RSWG7586
1464105285,Cindy,Joy,Graham,Jordanian,cindy.graham@Hotmail.com,583038183,12/02/1954,Retail,EFDW9582
2708796672,Margaret,Kristina,Skinner,Saudi,margaret.skinner@iCloud.com,572573677,15/09/1970,Retail,RTHA3747
2803674784,Allison,Corey,Rodriguez,Indian,allison.rodriguez@Gov.sa,595778135,09/04/1966,Retail,BGMP9648
2171345057,Michael,Gary,Sloan,Saudi,michael.sloan@Hotmail.com,510937709,02/04/1965,Retail,JADC1403
2897055661,Lisa,Brian,Andrews,Saudi,lisa.andrews@Gov.sa,558895271,21/04/1969,Corporate,LENP2549
2628170902,Melissa,Sarah,Dillon,Filipino,melissa.dillon@Hotmail.com,571128118,09/03/2004,Retail,IQLJ6721
1265949212,Victoria,Karen,Whitehead,Pakistani,victoria.whitehead@Gov.sa,576871545,18/11/2008,Retail,PUGL1007
2999596924,Crystal,Joseph,Leonard,Indian,crystal.leonard@Outlook.com,549140214,02/02/2015,Retail,WDIX4715
1545598457,Emily,Brittany,Mann,Jordanian,emily.mann@iCloud.com,517315439,02/12/2010,Corporate,BXZH7769
2980946948,Martha,David,Spence,Saudi,martha.spence@Kau.edu.sa,532213383,01/11/1965,Retail,ZXSP7829
2970691140,Deanna,Mary,Richardson,Sudanese,deanna.richardson@Hotmail.com,580679631,25/12/1991,Retail,XAFB9183
2727907403,Adam,Brittany,Chapman,Saudi,adam.chapman@Outlook.com,552296832,02/03/1986,Retail,FGZV8766
1365413447,Scott,Ryan,Johnson,Saudi,scott.johnson@iCloud.com,552367659,11/09/2010,Retail,NSKA2524
2430631574,Brandon,Michael,Hudson,Saudi,brandon.hudson@Kau.edu.sa,590350111,22/03/1950,Retail,SXPC8150
2621680785,Jordan,Kevin,Berry,Saudi,jordan.berry@Outlook.com,577948053,25/06/1984,Retail,NWEQ1259
2181420167,Christopher,Benjamin,Campbell,Indian,christopher.campbell@iCloud.com,554182452,06/07/1979,Retail,BXJC9932
2803318886,Benjamin,Michelle,Alexander,Saudi,benjamin.alexander@Uj.edu.sa,530706374,18/02/1971,Retail,PNZI8776
2402334143,Tammy,Terri,Diaz,Jordanian,tammy.diaz@Uj.edu.sa,522036996,07/06/2015,Corporate,MIVR6753
2521764668,Lori,William,Davis,Saudi,lori.davis@Hotmail.com,594634643,09/02/1960,Retail,ZUML4489
2256815178,Brittany,Melissa,Martin,Syrian,brittany.martin@Gmail.com,582511223,02/07/2000,Retail,ARFC5961
2713766463,Allison,Brooke,Hoffman,Saudi,allison.hoffman@Gmail.com,530380254,12/07/2015,Retail,OFQT8233
2994922427,Adam,Kevin,Graham,American,adam.graham@iCloud.com,538790250,27/09/1976,Retail,UMMG2802
2876280365,Cheyenne,James,Snyder,Bangladeshi,cheyenne.snyder@Gmail.com,537751240,01/07/1998,Retail,WTGG8262
1028965926,Elizabeth,Lisa,Ramsey,Saudi,elizabeth.ramsey@Yahoo.com,593054488,11/02/1989,Retail,JSDD5029
1345748554,Claire,David,Carter,Filipino,claire.carter@Hotmail.com,589049223,22/10/1997,Retail,BKEW5570
2131221140,Marilyn,Amy,Olson,Syrian,marilyn.olson@Gov.sa,546738111,05/05/2015,Corporate,XCLV6950
2039026179,Randall,Tiffany,Gonzales,Syrian,randall.gonzales@Yahoo.com,550775323,18/07/1965,Retail,ULPY7569
2375174431,Nicole,Charles,Martinez,Saudi,nicole.martinez@Uj.edu.sa,551421234,03/08/1989,Retail,GHZZ9560
1523809810,Joshua,Kirsten,Sanders,Saudi,joshua.sanders@iCloud.com,563727660,10/06/1984,Retail,KAJL6325
2073118232,Stephanie,Lauren,Ramos,Saudi,stephanie.ramos@Gov.sa,521945405,16/05/1982,Retail,GFQR1702
2785404084,Jennifer,Kimberly,Dalton,Saudi,jennifer.dalton@Yahoo.com,511205784,15/01/1952,Corporate,TRWB3511
1686278685,Nicholas,Travis,Richardson,Indian,nicholas.richardson@iCloud.com,552519858,26/12/2005,Retail,HUNX4456
1402336485,Stephanie,Danielle,Taylor,Bangladeshi,stephanie.taylor@Uj.edu.sa,549690389,12/12/2007,Retail,LMIA8955
2236160859,Kelly,Aaron,James,Filipino,kelly.james@iCloud.com,530756500,12/04/1986,Corporate,UCJV7110
2060773264,Jill,Pamela,Hernandez,Saudi,jill.hernandez@Uj.edu.sa,542318035,08/11/1953,Retail,WNET5333
2410142288,Heather,Bryan,Thomas,Egyptian,heather.thomas@Gov.sa,564694220,05/12/1969,Retail,UTAU1308
1632371854,Kristina,Joseph,Henderson,Saudi,kristina.henderson@Gov.sa,569956811,26/01/1982,Corporate,FHRS4814
2146145883,Thomas,Robin,Callahan,Saudi,thomas.callahan@Gmail.com,590016259,02/05/2000,Retail,GCVW1965
1131704481,Jennifer,Ryan,Dominguez,Bangladeshi,jennifer.dominguez@Uj.edu.sa,559748291,24/09/1987,Retail,UULG9117
1448807451,Kristopher,Thomas,Craig,Bangladeshi,kristopher.craig@Gov.sa,533613629,14/01/2007,Retail,ZYSF9728
2328266085,Eric,Amanda,Thornton,Bangladeshi,eric.thornton@Yahoo.com,580754475,14/03/1993,Corporate,ZKOQ7461
1175799662,Paul,Jennifer,Thompson,Saudi,paul.thompson@Yahoo.com,520704654,09/08/1976,Retail,KSKH7776
2504559202,Veronica,Richard,Castillo,Jordanian,veronica.castillo@Kau.edu.sa,525698452,25/04/1964,Corporate,QZMF1115
2983537078,Donna,Rhonda,Ford,Saudi,donna.ford@Uj.edu.sa,581561739,19/03/2010,Retail,PKZS5623
1002024001,Mary,Jonathan,Hayes,Saudi,mary.hayes@iCloud.com,519068525,30/06/1981,Corporate,CJXZ4125
2729693268,Tammy,Savannah,Hamilton,Bangladeshi,tammy.hamilton@Gmail.com,563107403,05/05/1994,Retail,YLEB6762
2657270895,James,Angela,Mckenzie,Filipino,james.mckenzie@Uj.edu.sa,549117435,18/03/1997,Corporate,OHQL9342
2653731002,Monica,Alexander,Ward,Bangladeshi,monica.ward@iCloud.com,534379647,23/01/1965,Retail,SSXV5825
1631632235,Rebecca,Jaclyn,Rhodes,Pakistani,rebecca.rhodes@Yahoo.com,551275703,24/11/1977,Corporate,SWPW5893
2880874665,Tiffany,George,Walter,Saudi,tiffany.walter@Gov.sa,548918373,17/02/1982,Retail,FPWK4828
1333744991,Nichole,Rachel,Martin,Filipino,nichole.martin@iCloud.com,556681774,05/09/1954,Retail,WGBV7374
2712160436,Angela,Mark,Edwards,Jordanian,angela.edwards@Hotmail.com,539313306,07/12/2010,Retail,OAFV5782
2462217867,Carrie,James,Smith,Bangladeshi,carrie.smith@Hotmail.com,516791002,29/06/1991,Retail,ZTAD4418
1806020295,Paul,Nicholas,Sosa,Jordanian,paul.sosa@Kau.edu.sa,569539158,19/12/1966,Retail,LRUG9244
2516942924,Ryan,Christopher,Cobb,American,ryan.cobb@Yahoo.com,565124391,21/09/1981,Retail,PVCV9737
1208279014,Jasmin,James,Owens,Saudi,jasmin.owens@Yahoo.com,528239002,29/04/1959,Retail,GKYN4257
1972023228,Katherine,Adam,Woodward,Syrian,katherine.woodward@Outlook.com,554227650,06/03/1993,Corporate,HNZB8075
2666941854,Rodney,Anne,Smith,Saudi,rodney.smith@Gmail.com,564076852,06/03/1955,Corporate,LZBN2987
1217864853,Judy,Paula,Snyder,Jordanian,judy.snyder@Gov.sa,561736848,01/01/2000,Retail,ZJBN4031
2399728876,John,Lori,Williams,Saudi,john.williams@Yahoo.com,547281983,22/03/1985,Retail,ATAQ6890
2493533288,Laurie,Michele,Brown,Syrian,laurie.brown@Outlook.com,544438618,19/07/2013,Retail,YHOJ7462
2435032223,Kevin,Sarah,Taylor,Saudi,kevin.taylor@Kau.edu.sa,564175353,20/07/1965,Corporate,NEFP7253
1095290964,Michael,Alan,Price,Saudi,michael.price@iCloud.com,570463925,14/09/2001,Retail,AIPX8505
1961433705,Mary,David,Jackson,Saudi,mary.jackson@Outlook.com,562405421,30/05/1982,Retail,JWNN6014
1353713690,Robert,Martin,Gutierrez,Jordanian,robert.gutierrez@iCloud.com,534106414,24/01/1978,Corporate,QBYE2073
1465744033,Keith,Amber,Blanchard,Filipino,keith.blanchard@Uj.edu.sa,522279871,08/09/1973,Corporate,SRXM4827
1117860506,Sarah,Christina,Grant,Saudi,sarah.grant@Yahoo.com,510473433,26/10/1989,Retail,UEOR5878
1251015548,Jennifer,Pam,Smith,Saudi,jennifer.smith@Uj.edu.sa,569818589,20/06/1964,Corporate,JZDK4660
2937708171,Alan,Bailey,Miller,Saudi,alan.miller@Kau.edu.sa,588305975,23/05/2009,Corporate,ZMMD3022
2791355363,Angela,David,Rose,Egyptian,angela.rose@Gmail.com,599645896,09/08/1962,Corporate,UHHB8022
2284125732,Ashley,Sandra,Parker,Saudi,ashley.parker@Gov.sa,529972139,06/10/1967,Retail,LLFR7785
2749133373,Jon,William,Jensen,Egyptian,jon.jensen@Hotmail.com,538796795,31/07/2008,Retail,IHBD3910
1353432722,Jeremiah,Todd,Terry,Saudi,jeremiah.terry@Hotmail.com,574674291,06/05/2009,Corporate,PTKG5189
2484678161,Roy,Michael,Jones,Bangladeshi,roy.jones@Kau.edu.sa,542885849,24/11/1956,Retail,KFDZ7409
1007144268,William,Melissa,Carpenter,Saudi,william.carpenter@Kau.edu.sa,569436336,08/08/1953,Corporate,INRX1269
2461287549,Ashley,Melody,Parker,Indian,ashley.parker@Yahoo.com,528793736,21/10/1977,Corporate,DSXB1796
2805703610,Adam,Kelsey,Brown,Saudi,adam.brown@Yahoo.com,550603467,17/12/1967,Corporate,VVVD9668
2524085916,Robert,Diamond,Bennett,Saudi,robert.bennett@iCloud.com,538191496,13/06/2005,Retail,BRKV4198
1646661579,Cheryl,Gregory,Perry,Saudi,cheryl.perry@Gmail.com,514030378,07/07/1974,Corporate,FORF1447
1261321538,Alex,Ronald,Davis,Saudi,alex.davis@Uj.edu.sa,583921182,29/01/2018,Retail,RLHI1792
2273145147,Micheal,Aaron,Gilmore,Syrian,micheal.gilmore@Kau.edu.sa,574822445,26/08/1985,Corporate,CZKN6092
2509569343,Christopher,Zachary,Nelson,Saudi,christopher.nelson@Uj.edu.sa,590496560,03/04/1965,Retail,VYPL7188
2782154767,Wendy,Kristen,Hughes,Saudi,wendy.hughes@Gov.sa,510906259,26/09/2011,Corporate,ECPB3373
1703502619,Thomas,Kristina,Wang,Jordanian,thomas.wang@Outlook.com,584191129,04/11/1953,Retail,ILJY9458
1856632254,Shelly,Erica,Garcia,Indian,shelly.garcia@iCloud.com,526293055,01/05/1956,Retail,XCWI9731
1546785377,Eric,John,Roberts,Saudi,eric.roberts@Hotmail.com,561114949,30/11/2010,Corporate,JVVR5605
1942014178,Seth,Andres,Henderson,Filipino,seth.henderson@Outlook.com,581573403,13/12/1969,Retail,BEZB7238
2322352573,Audrey,Amy,Scott,Saudi,audrey.scott@Uj.edu.sa,545280412,27/07/1959,Retail,ZHVZ4971
2166276486,Melissa,Brian,Frye,Jordanian,melissa.frye@Hotmail.com,543005815,15/10/2011,Retail,DTCS5427
2785002930,Christopher,Carolyn,Schmitt,Saudi,christopher.schmitt@Gov.sa,569253314,06/10/2008,Retail,VQZB6218
2743842739,Jill,Kimberly,Gutierrez,Saudi,jill.gutierrez@Uj.edu.sa,563679767,23/08/1990,Retail,NMEB7579
2592663168,Courtney,Ashley,Wise,Saudi,courtney.wise@Yahoo.com,597872041,22/04/1981,Retail,UVUX9676
1227158912,John,Adam,Carter,Indian,john.carter@Outlook.com,524955157,24/05/1998,Retail,RCWQ5435
1587292367,Andrew,Jessica,Horn,Filipino,andrew.horn@Kau.edu.sa,564720769,27/10/2009,Retail,PKDN6726
1092909195,Michael,Gregory,Morgan,Saudi,michael.morgan@Outlook.com,568898005,15/07/1998,Retail,IZDI3957
1541895816,James,Kathryn,Young,Indian,james.young@Uj.edu.sa,596767221,04/02/1957,Retail,AYVF4165
2404138246,Vickie,John,Fuentes,Saudi,vickie.fuentes@Gov.sa,572008707,19/05/1983,Retail,CIHM9422
2912480383,Phyllis,Nicole,Espinoza,Saudi,phyllis.espinoza@Kau.edu.sa,518366695,13/07/1975,Retail,DDKB2909
1142961483,Jennifer,Curtis,Contreras,Saudi,jennifer.contreras@Outlook.com,560383115,21/01/2012,Retail,DFNI3301
2837603746,Stephen,Karl,Edwards,Pakistani,stephen.edwards@iCloud.com,530619904,17/03/1996,Corporate,EHIT9222
1941479299,Matthew,Melvin,Mitchell,Saudi,matthew.mitchell@Gov.sa,596648707,11/10/2011,Retail,XHHM4511
2226092293,Brittany,Michael,Stout,Saudi,brittany.stout@Yahoo.com,551665914,10/06/1958,Retail,VPXK5386
1273148365,Jason,Brad,Cruz,Saudi,jason.cruz@Gmail.com,534893908,17/04/1957,Retail,ALPJ1630
1092628355,Melissa,James,Smith,Saudi,melissa.smith@Gov.sa,569052097,21/03/2008,Retail,CMWQ1647
2823120018,Mark,Edward,Brown,Egyptian,mark.brown@Kau.edu.sa,599441111,28/12/1950,Corporate,OKZY4387
2676131417,Robin,Heather,Welch,Saudi,robin.welch@Gmail.com,567551372,05/12/2016,Retail,HRGY5602
1044964703,Christine,Juan,Santiago,Syrian,christine.santiago@Kau.edu.sa,558605190,18/01/2013,Corporate,BBXE7882
2883693444,Angela,Diana,Smith,Saudi,angela.smith@Gov.sa,517251442,01/05/1968,Corporate,BOFK7171
1866566587,Maureen,David,Fox,American,maureen.fox@iCloud.com,557937529,25/03/1968,Corporate,SPIA6919
1661144373,Lisa,Robert,Smith,Saudi,lisa.smith@Kau.edu.sa,545782529,28/03/1950,Retail,FBHI1612
2379039970,Nicholas,Sarah,Stewart,Saudi,nicholas.stewart@iCloud.com,543202832,29/08/1963,Corporate,GIJT5492
1500621014,Jason,Amanda,Guerrero,Bangladeshi,jason.guerrero@iCloud.com,537100434,25/10/1993,Retail,MYPD6619
2077612852,Matthew,Jeffrey,Rios,Saudi,matthew.rios@Yahoo.com,538312208,23/03/1953,Retail,RCKN8536
2849763255,Thomas,Annette,Nichols,Saudi,thomas.nichols@iCloud.com,518389687,25/03/1990,Retail,WDLJ5388
2853863429,Jerry,Melinda,Gregory,Saudi,jerry.gregory@Hotmail.com,541044663,08/04/1993,Retail,RAAF4846
2585408449,Mark,William,Smith,Indian,mark.smith@Hotmail.com,585232774,25/08/1954,Retail,MPZM6095
2600687142,Phillip,Brandon,Russell,Saudi,phillip.russell@Gov.sa,519049617,29/09/1979,Retail,UHQM1047
2962372567,Cameron,Brian,Calhoun,Saudi,cameron.calhoun@iCloud.com,555587697,13/06/1987,Corporate,MRUB8029
1458926770,Erika,Alejandro,Reynolds,Saudi,erika.reynolds@Gmail.com,516769951,09/07/1968,Corporate,PRXU9310
1319091842,Raymond,Donna,Carr,Indian,raymond.carr@Outlook.com,510387306,11/09/1981,Retail,WPYE2709
2343908198,Jesse,Meghan,Morales,Saudi,jesse.morales@iCloud.com,528170422,22/06/1957,Corporate,XZQD9332
1420848522,Mary,David,Crawford,Bangladeshi,mary.crawford@iCloud.com,584458516,27/11/1984,Corporate,EWKJ6098
1124801228,Sarah,Arthur,Glover,Egyptian,sarah.glover@Outlook.com,540532472,14/12/1992,Retail,YYLZ5740
2675625247,Stephanie,William,Jacobs,Filipino,stephanie.jacobs@Outlook.com,535812551,03/10/2000,Retail,VXCK7908
1634578475,Jennifer,William,Williamson,Filipino,jennifer.williamson@Uj.edu.sa,532939464,09/10/1992,Retail,FMGL5545
2808627219,Heather,Alexander,Blevins,Bangladeshi,heather.blevins@Kau.edu.sa,590761759,27/08/1975,Retail,ZDSE7472
2088033410,Jasmine,Tyler,Gomez,Saudi,jasmine.gomez@Gmail.com,537933352,02/12/1971,Retail,SWMW5237
2286220226,Lisa,Javier,Freeman,Saudi,lisa.freeman@Kau.edu.sa,529876590,27/02/2017,Retail,FVIF8823
2914729196,Michael,Roy,Mcmahon,Saudi,michael.mcmahon@Uj.edu.sa,510699934,18/04/2012,Retail,IRHB5961
2916870435,Katherine,Ashley,Johnson,Jordanian,katherine.johnson@iCloud.com,561234058,14/01/1953,Retail,VJIM2259
2867982181,Kevin,Adriana,Padilla,Indian,kevin.padilla@Gmail.com,557047290,30/04/1980,Corporate,QGTS6920
1273117632,David,Amanda,Horn,Bangladeshi,david.horn@Outlook.com,565710080,21/07/2006,Retail,TBVI5013
1105763438,Rachel,Charles,Schmidt,Egyptian,rachel.schmidt@iCloud.com,551991181,05/09/1951,Retail,AZPH6383
2067974745,Stephen,Micheal,Martin,Saudi,stephen.martin@Hotmail.com,510868429,10/06/2016,Corporate,NGIL5285
1646729099,Edwin,Melanie,Lawrence,American,edwin.lawrence@Gmail.com,560581442,11/07/1962,Corporate,ZHPT9344
1782177728,Donald,Johnny,Luna,Saudi,donald.luna@Gov.sa,568386606,12/09/1973,Retail,MUKB1007
2700131152,Jessica,Nicole,Sweeney,Saudi,jessica.sweeney@Outlook.com,595336967,05/11/1997,Corporate,KFVD6984
1171817652,Melissa,Emily,Heath,Saudi,melissa.heath@Uj.edu.sa,534954050,18/08/1982,Retail,SDVL4575
1514264128,Amber,Shane,Powell,Filipino,amber.powell@iCloud.com,572271441,23/03/2013,Retail,KCAE9738
1484266023,Daniel,Christopher,Kirk,Syrian,daniel.kirk@Outlook.com,569847198,15/07/2002,Corporate,GJAZ4275
1966631863,Samuel,Monica,Jones,American,samuel.jones@Gov.sa,527576431,06/12/1975,Corporate,DWXS2718
1171094223,Allen,Timothy,Nguyen,Saudi,allen.nguyen@Kau.edu.sa,534904182,01/05/1950,Retail,YNJU9416
1926721210,Seth,Lisa,Hernandez,Bangladeshi,seth.hernandez@Hotmail.com,539246517,19/10/2006,Corporate,KJJC5337
1734125287,Kevin,Chase,May,Saudi,kevin.may@Yahoo.com,539520391,19/08/1954,Retail,EKAG4635
1151057690,James,Patrick,Porter,Bangladeshi,james.porter@Gmail.com,542692901,23/02/2008,Retail,DBQO4881
1726247177,Theodore,William,Lyons,Indian,theodore.lyons@Uj.edu.sa,575984162,11/07/2013,Retail,OEOW9112
2433599281,Kyle,Ronald,Mack,Saudi,kyle.mack@Hotmail.com,532774429,03/04/1973,Retail,QBAS1734
1688588889,Richard,Misty,Daniels,Saudi,richard.daniels@Uj.edu.sa,573840429,05/09/2009,Retail,JSAW2082
2513401255,Robert,Kathryn,Shepherd,Saudi,robert.shepherd@Gmail.com,592867802,24/03/1974,Retail,MNNM6040
2595812988,Matthew,Jasmine,Norton,Filipino,matthew.norton@Yahoo.com,573415375,20/07/1993,Retail,CLCD5282
1229908845,Robert,Joe,Bond,Saudi,robert.bond@Kau.edu.sa,543500793,10/12/1974,Corporate,ULBD6233
2327861479,Danny,Kimberly,Burns,Saudi,danny.burns@Hotmail.com,562035378,06/02/1993,Retail,BGBD3775
1269456780,Sharon,Brian,Ball,Saudi,sharon.ball@iCloud.com,546012233,30/04/1999,Retail,PCFL3087
1691053195,Hayden,Sarah,Jones,Saudi,hayden.jones@Uj.edu.sa,564139983,25/12/1998,Retail,VWVS7093
2712886743,David,William,Hamilton,American,david.hamilton@Gmail.com,582867619,30/06/1956,Retail,DMKT8775
1760286127,Linda,Jane,Carr,Saudi,linda.carr@Uj.edu.sa,565719248,25/09/1956,Retail,ZAQB9297
2711420086,David,Ernest,Young,Saudi,david.young@Gmail.com,525250166,19/08/1999,Retail,HSIE7937
2179111384,Robin,Douglas,Olson,Saudi,robin.olson@iCloud.com,535579171,09/12/1967,Retail,PUSZ2928
2004566272,Deborah,Jeffrey,Smith,Jordanian,deborah.smith@Uj.edu.sa,594517680,26/05/1983,Retail,GVED1935
2477745752,Joshua,Mario,Tate,Saudi,joshua.tate@Outlook.com,549067565,08/02/1993,Retail,DIWG5383
1069706420,Kelly,Brandon,Carter,Saudi,kelly.carter@Yahoo.com,595444915,01/11/2002,Retail,VYIV9854
2008454155,Gloria,Parker,Neal,Saudi,gloria.neal@iCloud.com,557126316,15/12/1957,Retail,QVVU6702
1070006880,William,Ryan,Lee,Saudi,william.lee@Yahoo.com,569616921,03/05/1981,Retail,GONB8941
1435320009,David,Wendy,Boyer,Saudi,david.boyer@Kau.edu.sa,565549701,11/09/1973,Retail,OEGM9895
1326428755,Michael,Courtney,Hendricks,Saudi,michael.hendricks@Yahoo.com,591028745,23/03/2012,Retail,EGJX4824
2618981806,Danielle,Rebekah,Evans,Saudi,danielle.evans@Uj.edu.sa,570234710,14/12/1971,Retail,IHKX7176
2249792234,Michael,Samantha,Hogan,Saudi,michael.hogan@Gov.sa,541421410,27/10/1993,Retail,OKFE8210
1978117127,Kelly,Anna,Roberts,Saudi,kelly.roberts@Gov.sa,544508451,17/06/1958,Corporate,IFBD9906
1402546122,Kevin,Brendan,Smith,Filipino,kevin.smith@Gmail.com,537250927,07/10/1985,Corporate,NONT5401
1933206718,Joseph,Christopher,Knight,Saudi,joseph.knight@Kau.edu.sa,562285093,02/02/1965,Retail,SRLP6472
2535135075,Lauren,Natasha,Nicholson,Indian,lauren.nicholson@Gov.sa,549068465,27/05/2000,Corporate,EFIL3861
2218065756,Melissa,Jennifer,Harris,Filipino,melissa.harris@Kau.edu.sa,537008212,12/06/1960,Retail,EAIY3405
2199482158,Patricia,Michael,Mooney,Saudi,patricia.mooney@Gmail.com,537178360,16/01/1998,Retail,ZWQJ9243
2953144698,Angela,Keith,Smith,Pakistani,angela.smith@Outlook.com,510638115,24/09/1994,Retail,WCFF6662
1882806196,Janet,Joshua,Marshall,Saudi,janet.marshall@Outlook.com,566330009,09/11/1998,Corporate,MFXX8107
1958369672,Sara,Ana,Harding,Indian,sara.harding@Yahoo.com,520655061,01/03/1985,Corporate,IEXJ7039
2008582590,Kelsey,William,Dalton,Saudi,kelsey.dalton@Uj.edu.sa,573581644,19/12/1977,Retail,WLCU1422
1911213106,Andrea,Erin,Prince,Jordanian,andrea.prince@Hotmail.com,553292131,30/07/1987,Corporate,YFPQ1669
1648564088,Melissa,Stephen,Deleon,Saudi,melissa.deleon@Hotmail.com,569307650,24/12/1993,Corporate,RTGR6170
2278991757,Andrew,Kaitlin,Price,Saudi,andrew.price@Uj.edu.sa,541149162,15/03/2014,Retail,SVWS9825
2976095525,Nathan,Tiffany,Salinas,Indian,nathan.salinas@Uj.edu.sa,553438489,06/04/1978,Retail,SMUE4103
1512781255,Heather,Joel,Baker,Saudi,heather.baker@Yahoo.com,570940874,28/11/1975,Corporate,INHR8894
1623855653,Melanie,Lisa,Glass,Saudi,melanie.glass@Gov.sa,510210187,21/03/1995,Corporate,YSKX9337
1515051780,Richard,Rachel,Harris,Saudi,richard.harris@Uj.edu.sa,530853421,26/10/1966,Corporate,LAEO3169
1191108398,Jessica,Vanessa,Collins,Jordanian,jessica.collins@Yahoo.com,569249393,23/06/1962,Corporate,ZYXK4630
1584387322,Tyler,Logan,Russell,Saudi,tyler.russell@iCloud.com,578512365,09/10/1965,Retail,PEZT4270
2792248702,Diana,Scott,Hall,Saudi,diana.hall@iCloud.com,577980867,30/01/1960,Retail,BCVP5117
2720065279,Joseph,Jeremy,Walker,Egyptian,joseph.walker@Yahoo.com,532759973,16/12/2014,Retail,XEXQ9951
2271520540,Jason,Savannah,Ramirez,Syrian,jason.ramirez@Outlook.com,581307470,08/03/1996,Retail,CHBD6784
2295228763,Larry,Rachel,Harrell,Saudi,larry.harrell@Gmail.com,553623660,13/06/2012,Retail,TATL7217
2028322875,Robert,John,Nelson,Pakistani,robert.nelson@Gmail.com,597894551,16/09/1994,Retail,XJGA1224
2975518832,Mariah,William,Jackson,Bangladeshi,mariah.jackson@Kau.edu.sa,512625398,22/11/1963,Retail,QRTT8445
1493591568,Abigail,Brittany,Jones,Saudi,abigail.jones@Hotmail.com,553892611,17/10/1972,Retail,MSSO1478
1192854952,Casey,Chelsea,Smith,Jordanian,casey.smith@Kau.edu.sa,581821666,23/04/1973,Retail,VJDA1774
1939049198,Lauren,Timothy,Hanna,Saudi,lauren.hanna@Yahoo.com,594880887,28/02/1991,Retail,WOSF7889
1105056809,James,Richard,Sanders,Egyptian,james.sanders@Yahoo.com,546115035,30/05/1962,Retail,ZEFK7939
2833433393,Cole,Ashley,Williams,Indian,cole.williams@Kau.edu.sa,598228505,12/08/1962,Retail,FWED4245
1844502858,Daniel,Lisa,Roberts,Saudi,daniel.roberts@Gov.sa,549002900,04/02/1950,Retail,MCPT8403
1140856145,Jared,Katherine,Fields,Saudi,jared.fields@Yahoo.com,572476585,25/05/2013,Corporate,IWJO4785
2278605132,Heather,Dana,Wood,Saudi,heather.wood@Hotmail.com,554281154,01/10/1956,Retail,BTXC4642
1738171540,Kimberly,Daniel,Harris,Jordanian,kimberly.harris@Gov.sa,586314455,30/08/1953,Corporate,ONJA5612
2540129836,Sean,Billy,Atkins,Egyptian,sean.atkins@iCloud.com,580926835,05/03/1988,Retail,OZUD2496
1311540856,Christopher,James,Larson,Saudi,christopher.larson@Kau.edu.sa,532684285,08/09/2015,Retail,VBRB6586
1057668694,Katelyn,Tracey,Morse,Saudi,katelyn.morse@Gmail.com,595122749,26/12/2011,Retail,ETKG9059
2848259096,Cathy,Melissa,Jones,Egyptian,cathy.jones@Gov.sa,587064905,27/02/1952,Retail,SXBW8220
2130500788,Thomas,Tina,Bennett,Bangladeshi,thomas.bennett@Outlook.com,593037506,17/04/2015,Retail,OQGH4122
1105849040,Victor,Nicholas,Chapman,American,victor.chapman@Gov.sa,583177366,26/04/1988,Retail,ITRU3754
2516390177,Tyler,Monica,Norris,Pakistani,tyler.norris@iCloud.com,562665687,09/03/1976,Retail,MYUD5950
1385561622,Alexa,Joshua,Duncan,Saudi,alexa.duncan@Yahoo.com,563389655,06/11/2011,Retail,AITZ2551
1556737240,Kyle,Bianca,Pittman,Saudi,kyle.pittman@Gmail.com,559841237,27/04/2000,Retail,WPRJ4742
2220170143,Katherine,Nicholas,Boyd,Egyptian,katherine.boyd@Hotmail.com,582541093,02/08/2012,Corporate,RSAI7480
2271706341,Alicia,Sheila,Garner,Saudi,alicia.garner@Hotmail.com,537444116,19/03/1985,Retail,HXWJ5618
2222985722,Vanessa,Alicia,Edwards,Saudi,vanessa.edwards@Hotmail.com,579388709,17/05/2004,Corporate,EVMI2838
2811736154,Matthew,Valerie,Pittman,Saudi,matthew.pittman@Gmail.com,525407340,15/07/2009,Retail,MTDR5750
2043893623,Larry,Jessica,Acevedo,Indian,larry.acevedo@Outlook.com,566985771,10/03/1970,Corporate,DWGU2717
2789051002,Richard,Jennifer,Warner,Saudi,richard.warner@Gmail.com,595002698,22/06/2001,Retail,ZKXX7417
2090790137,Susan,Courtney,Pratt,Saudi,susan.pratt@Yahoo.com,548440720,17/03/2000,Retail,IUHX9593
1007069262,Jennifer,Dominic,Jarvis,Saudi,jennifer.jarvis@Gov.sa,531620534,27/01/1964,Corporate,QRAZ1217
1139502128,Brian,Brenda,Vaughn,Saudi,brian.vaughn@Outlook.com,595359420,17/05/1952,Retail,EWSS1545
2356236313,Alicia,Robert,Donovan,Saudi,alicia.donovan@Gmail.com,512438713,22/10/2009,Retail,GPPL2526
2287840420,Scott,Angela,Maldonado,Sudanese,scott.maldonado@Kau.edu.sa,578306169,30/09/1967,Retail,HIQG5481
1337763258,William,Chase,Ross,Saudi,william.ross@Kau.edu.sa,578868278,06/02/1985,Retail,YJJL7053
2656210635,Theresa,David,Alvarez,Filipino,theresa.alvarez@Gov.sa,554686871,04/03/1995,Corporate,WKTQ3587
1049570691,Daniel,Eric,Smith,Saudi,daniel.smith@Hotmail.com,578633146,26/12/2003,Retail,XDBF8727
1495155362,Amanda,Jonathan,Payne,Egyptian,amanda.payne@Yahoo.com,525900022,22/01/1961,Retail,VCRQ7176
2906221483,Christopher,Autumn,Williams,Saudi,christopher.williams@Gov.sa,525612367,28/01/2011,Retail,TALD7522
1599253124,Robert,Douglas,Foster,American,robert.foster@Gmail.com,550430078,07/03/1990,Retail,NKYA4493
1657975041,Gregory,Melissa,Mccann,Saudi,gregory.mccann@Uj.edu.sa,516695900,12/02/1976,Corporate,IJZI7373
2679191881,Christina,Michael,Howard,Saudi,christina.howard@Yahoo.com,530358830,03/04/1954,Corporate,NVPB4683
2259127992,Michael,Valerie,Willis,Saudi,michael.willis@Yahoo.com,566439054,16/06/1981,Corporate,KVWE3081
2146701986,Juan,Juan,Fisher,Bangladeshi,juan.fisher@Gmail.com,562173922,21/04/1998,Retail,KXUB7823
1974125095,Tammy,Trevor,Banks,Saudi,tammy.banks@Gov.sa,572432094,05/12/1999,Corporate,JDKB8749
1582495354,Michael,Anne,Mendoza,Bangladeshi,michael.mendoza@Outlook.com,566366575,04/11/2008,Corporate,RLTC9855
2830461917,Anna,Thomas,Collins,Indian,anna.collins@Hotmail.com,512832731,30/04/1993,Corporate,SPVY9361
1693571026,Kimberly,James,Brooks,Sudanese,kimberly.brooks@Outlook.com,584685178,10/07/1990,Corporate,PZMX8663
2355191116,Michelle,Joshua,Wilson,Saudi,michelle.wilson@Hotmail.com,520639821,25/05/1993,Retail,KCWP4828
1769951048,Danielle,Katrina,Sweeney,Saudi,danielle.sweeney@Outlook.com,578797828,20/11/2016,Retail,LLHP4657
1845792922,Monica,Amanda,Hernandez,Saudi,monica.hernandez@Gov.sa,519052174,04/03/1981,Retail,JCVE1288
1765985785,Joseph,Lori,Porter,Saudi,joseph.porter@Yahoo.com,571551156,02/06/2007,Retail,OPYS6602
2671337230,Angela,Aaron,Tate,Egyptian,angela.tate@Gmail.com,574471163,11/09/2016,Retail,SPNQ8945
2553853983,Krista,Tonya,Wilson,Syrian,krista.wilson@Gov.sa,517770616,07/12/2008,Retail,FCBH1104
1671561807,Jonathan,Scott,Flynn,Indian,jonathan.flynn@Yahoo.com,515859460,08/08/1951,Corporate,WEIW9674
1829059175,Joseph,Mark,Cooper,Pakistani,joseph.cooper@Outlook.com,594956452,12/01/1970,Corporate,RYTZ4549
2843317931,Michelle,Calvin,Proctor,Saudi,michelle.proctor@Uj.edu.sa,581219527,11/03/1950,Retail,POLW6379
1585310876,Eric,John,Stokes,Jordanian,eric.stokes@Outlook.com,541764611,08/04/2004,Retail,NQCE5525
2795284365,Amy,Deborah,Bell,Saudi,amy.bell@Yahoo.com,523413807,28/02/1970,Retail,QLQC2098
2597248244,Nicholas,John,Singh,Sudanese,nicholas.singh@Gov.sa,558278857,23/03/1957,Retail,RSIK6191
2560035452,Dale,Joshua,Bridges,Saudi,dale.bridges@Outlook.com,558421098,18/06/1965,Retail,DKTS4199
1857430135,James,Crystal,Davis,Saudi,james.davis@Gmail.com,567620234,11/01/1956,Retail,FQZM9185
1362214085,Leslie,Kelly,Mendez,Saudi,leslie.mendez@Yahoo.com,599978675,19/08/1970,Corporate,ZHHF2478
1692411077,Kelly,Jeremy,Martinez,Saudi,kelly.martinez@Hotmail.com,598483176,03/09/2018,Retail,DWAK3734
2428340209,Max,Kristine,Wallace,Jordanian,max.wallace@Uj.edu.sa,554834260,13/06/2001,Retail,FVCB6008
1563457375,Dakota,Mark,Powell,Saudi,dakota.powell@iCloud.com,597172246,13/09/1995,Corporate,UNAR2001
1982247384,Katelyn,Derek,Williams,Saudi,katelyn.williams@Yahoo.com,535833271,06/05/2006,Retail,LCSE1825
2120028173,Blake,Kelly,Anderson,Saudi,blake.anderson@Gmail.com,593633715,06/03/1972,Retail,CNXI1459
1645184409,Amber,Sandra,Martinez,Saudi,amber.martinez@Gov.sa,547603332,24/04/2008,Retail,HGJV9483
1441558152,Jason,Craig,Jenkins,Egyptian,jason.jenkins@Yahoo.com,519824989,21/03/1997,Retail,MUSD3745
1638505312,Tracey,Deborah,Rhodes,Saudi,tracey.rhodes@Hotmail.com,559184872,30/07/1960,Corporate,ZHLE4864
2580495460,Donald,Logan,Perez,Saudi,donald.perez@Outlook.com,584083619,22/05/1980,Retail,JITO5315
1464518929,Donald,Emily,Jones,Filipino,donald.jones@Gov.sa,566954389,04/07/1956,Retail,ZTUL3012
1314190175,Timothy,Bianca,Kane,Pakistani,timothy.kane@Hotmail.com,519437806,27/11/1987,Retail,WRLJ4138
2716495925,David,Kevin,Little,Saudi,david.little@Yahoo.com,580148762,15/09/2000,Corporate,EOOS2689
2845631777,Kimberly,Bridget,Garcia,Saudi,kimberly.garcia@Yahoo.com,516134805,24/05/1988,Retail,IJJW9155
1245021518,Maria,Maria,Davis,Saudi,maria.davis@Kau.edu.sa,585230220,09/10/2016,Corporate,DCXW1011
1507635251,Christopher,Brandy,Howard,Saudi,christopher.howard@Kau.edu.sa,597778945,05/08/1950,Retail,JKOT7330
1662131698,Donna,David,Smith,Bangladeshi,donna.smith@Kau.edu.sa,580498053,10/12/1984,Corporate,MIBP1756
1627966444,John,Timothy,Young,Syrian,john.young@Gov.sa,559087808,25/10/1964,Corporate,IBGI1817
2640976089,Stephanie,Raymond,Carpenter,American,stephanie.carpenter@Outlook.com,571529098,11/09/2012,Retail,KAMN9655
2187169980,Amanda,Ashley,Brooks,Indian,amanda.brooks@iCloud.com,517671501,10/11/1989,Corporate,CLEY6496
1379305524,Matthew,Natasha,Jacobs,Saudi,matthew.jacobs@Outlook.com,594228169,02/03/1960,Retail,VYQC5610
2807564543,Angela,Tara,Smith,Saudi,angela.smith@Outlook.com,530213998,31/03/1993,Retail,MDHK2455
2392867260,Diane,Timothy,Bond,Bangladeshi,diane.bond@Yahoo.com,526145939,28/04/1976,Retail,MNSR8388
1627274774,Jared,Ronald,West,Saudi,jared.west@iCloud.com,512306725,23/05/2001,Corporate,CJKN5742
1403526207,Melvin,Shane,Brown,Saudi,melvin.brown@Kau.edu.sa,539265119,13/07/1966,Corporate,IMWY3100
1195799791,Mark,Courtney,Thornton,Saudi,mark.thornton@Gmail.com,541263843,19/12/2014,Corporate,EMNU4735
1733614556,Lori,Justin,Butler,Jordanian,lori.butler@Gmail.com,591181785,16/02/1971,Retail,RTVC4887
1545679221,Lawrence,Ralph,Krueger,Saudi,lawrence.krueger@Hotmail.com,532223624,07/12/1951,Retail,VBGQ2241
2139533091,Anthony,Jasmine,Duran,Saudi,anthony.duran@Hotmail.com,590428274,24/05/1981,Retail,QZXJ8891
2197531408,Julia,Kyle,Valdez,Saudi,julia.valdez@Outlook.com,561106683,13/03/1980,Corporate,BDZL2284
2778438214,Bonnie,Holly,Roth,Saudi,bonnie.roth@Kau.edu.sa,587827801,21/10/1984,Retail,YFAA3430
2998971967,Leah,Derek,Garcia,Saudi,leah.garcia@Kau.edu.sa,582240109,19/09/1968,Retail,OHJO8391
2242915812,John,Heather,Ramirez,Saudi,john.ramirez@Gov.sa,515801733,05/06/2005,Retail,MAMA1618
1794641750,Abigail,Jonathan,Elliott,Saudi,abigail.elliott@Uj.edu.sa,592762839,19/10/1998,Retail,UQMN1881
2723870464,Amanda,Monica,Byrd,Saudi,amanda.byrd@Gov.sa,555378623,11/10/2008,Retail,IVCP5748
1017532434,Kevin,Anna,Wyatt,Syrian,kevin.wyatt@Gov.sa,517500930,27/07/1975,Retail,LAQT7487
1626020164,Eric,Benjamin,Davis,Syrian,eric.davis@Yahoo.com,558626057,15/09/2007,Retail,SSCH7630
1317524954,Jessica,Patricia,Mason,Syrian,jessica.mason@Yahoo.com,578760206,22/12/1970,Corporate,ZWQK6102
2825156669,Megan,Regina,Sherman,Egyptian,megan.sherman@Kau.edu.sa,551268254,26/07/1959,Retail,OCMK2925
1489530126,Raymond,Rachel,Rogers,Saudi,raymond.rogers@Gmail.com,582184303,24/10/1959,Retail,CQBP4519
1668198877,Amber,Keith,Thompson,Saudi,amber.thompson@Hotmail.com,577182184,09/12/1978,Corporate,HOJD9216
2114622517,Joseph,Leah,Mcdonald,Saudi,joseph.mcdonald@Uj.edu.sa,561658869,24/06/2008,Retail,YIWF2912
1847134980,Justin,Deborah,Kaiser,Saudi,justin.kaiser@Kau.edu.sa,531177783,07/10/2004,Corporate,PESE6820
1570654612,Jeffrey,Kimberly,Moore,Jordanian,jeffrey.moore@iCloud.com,590808783,28/10/1973,Retail,SJVC2366
2519074717,Bryan,Haley,Nichols,Saudi,bryan.nichols@Outlook.com,510384779,02/07/2017,Retail,MGGM5404
1439039265,Robert,John,Miller,Jordanian,robert.miller@iCloud.com,594928673,03/04/1998,Retail,FBWG1662
2779651216,Matthew,Ashley,Hogan,Saudi,matthew.hogan@Uj.edu.sa,519501986,30/01/1984,Retail,ZXUA7574
1297383855,Shelley,Lindsey,Johns,Jordanian,shelley.johns@Gov.sa,560022401,18/02/1951,Retail,WPOV7756
2508009603,Sherry,Chad,Black,Jordanian,sherry.black@Uj.edu.sa,516183551,28/02/1959,Corporate,GBVP3982
1298402173,Kristine,Amanda,Nelson,Saudi,kristine.nelson@Hotmail.com,556116003,05/11/1989,Retail,KIWV3559
2454120211,Paul,Anthony,Navarro,Syrian,paul.navarro@Gmail.com,557920862,23/10/1955,Retail,ZOFP1453
2397679979,Jake,James,Moore,Saudi,jake.moore@iCloud.com,575779756,22/01/1951,Corporate,OQIX6095
1126843690,Tara,Bryan,Davis,Saudi,tara.davis@Gov.sa,529415117,13/09/1963,Retail,SEZF4345
2945766193,Joseph,Jeffery,Baker,Bangladeshi,joseph.baker@Hotmail.com,554516597,18/06/1977,Corporate,TAPK3146
2703171169,Mitchell,Michael,Smith,Jordanian,mitchell.smith@Kau.edu.sa,570736213,25/09/1987,Retail,ROAO1894
1846973003,Elizabeth,Joshua,Jacobs,Egyptian,elizabeth.jacobs@Outlook.com,524938316,14/03/2002,Corporate,FRCQ1484
2635850220,Christopher,Joseph,Diaz,Jordanian,christopher.diaz@Gmail.com,574101746,13/09/1997,Retail,DLCC2983
1688766354,Elizabeth,Beth,Porter,Bangladeshi,elizabeth.porter@Hotmail.com,566986109,22/06/2010,Corporate,NDNC6407
1699370121,Robert,Gina,Barnes,Syrian,robert.barnes@Gmail.com,566804673,29/11/1993,Retail,OLJJ2426
1582012167,Michelle,Erica,Bryant,Saudi,michelle.bryant@Yahoo.com,511122750,05/11/2005,Retail,ORVJ5023
2640166445,Tracy,Michael,Munoz,Saudi,tracy.munoz@Gmail.com,544529944,09/09/1988,Retail,TBZA9911
2665745528,Mallory,Jesse,Jordan,Filipino,mallory.jordan@Kau.edu.sa,566039570,22/07/1989,Corporate,HZJR5458
1449923811,Robert,Samantha,Gonzalez,American,robert.gonzalez@Gov.sa,584398695,27/07/1980,Retail,HXWS7073
2886880178,Samantha,Roger,Oconnell,Saudi,samantha.oconnell@iCloud.com,563306333,02/05/1999,Retail,WPLZ2196
1829777392,David,Peter,Rodriguez,Jordanian,david.rodriguez@Gov.sa,574350064,01/03/2000,Corporate,UBBX7931
1679048128,Janice,Jacob,Perry,Saudi,janice.perry@Gmail.com,565533273,19/03/1989,Retail,FGHV6927
2819121578,Nicholas,Teresa,Lee,Bangladeshi,nicholas.lee@Gov.sa,514490788,07/08/1951,Retail,FZHO9706
2574459677,Amy,Bruce,Lee,Indian,amy.lee@Yahoo.com,570941729,09/03/1957,Corporate,QJDW8512
1651839027,Tonya,Stacy,Perkins,Syrian,tonya.perkins@Uj.edu.sa,559427099,23/12/1966,Retail,AXSQ5546
2870989566,Jessica,Catherine,Aguilar,Saudi,jessica.aguilar@Kau.edu.sa,535610068,05/01/1989,Retail,LMFR1465
1141722685,Jean,Natalie,Brown,Saudi,jean.brown@iCloud.com,598688072,02/05/1966,Corporate,PTNL5314
2253727385,Jeremiah,Brian,Perez,Saudi,jeremiah.perez@Gmail.com,585602925,10/08/2016,Retail,ZHJW9011
2301697703,Susan,William,Rasmussen,Saudi,susan.rasmussen@Kau.edu.sa,589749481,10/09/1985,Retail,VKND2321
1991613059,Sara,Adam,Waller,Indian,sara.waller@Hotmail.com,570458911,04/10/1999,Retail,CGNC1058
1443257444,Katie,Todd,Durham,Saudi,katie.durham@Outlook.com,584791515,06/03/2000,Retail,NJYD8618
1224071362,Christopher,John,Barrera,Filipino,christopher.barrera@Outlook.com,581210747,20/02/1967,Retail,JEMC4872
1215112102,Matthew,Sean,Turner,Saudi,matthew.turner@Yahoo.com,570556541,09/04/2008,Retail,OTRA5253
1438721269,Tonya,Alejandro,Jennings,Filipino,tonya.jennings@Gov.sa,521953686,05/02/1976,Retail,UPLJ2809
1258941706,Juan,April,Ball,Saudi,juan.ball@Gov.sa,543518769,29/09/1994,Retail,IQSN3204
1758372375,Carrie,Jesse,Baker,Saudi,carrie.baker@Kau.edu.sa,510241954,16/09/2013,Retail,LDPJ1063
1607593539,Stephanie,Barry,Grant,Saudi,stephanie.grant@iCloud.com,570471263,27/01/2009,Retail,LWDE9499
2700331509,Gregory,Tina,Booth,Saudi,gregory.booth@Outlook.com,525696691,26/08/1989,Retail,VJQB3382
1893353591,Rick,Nicholas,Barrera,Saudi,rick.barrera@Gov.sa,570504971,18/08/1991,Retail,LZAB4654
1733475348,Maureen,Susan,Adams,Pakistani,maureen.adams@Outlook.com,539606707,27/04/2013,Retail,AYKU7864
2522308031,Timothy,Melanie,Medina,Saudi,timothy.medina@Gmail.com,592236419,21/03/1976,Retail,UQHI7106
1119321717,Michele,Sandra,Rodriguez,Saudi,michele.rodriguez@iCloud.com,537318784,01/05/2018,Retail,VDLI2253
2906734554,Brandy,Ryan,Arnold,Saudi,brandy.arnold@Outlook.com,584344660,31/05/2013,Retail,LNQT9828
1859961612,Jeffrey,Mary,Whitaker,Indian,jeffrey.whitaker@iCloud.com,563016705,16/08/1964,Corporate,QATF9083
1658523934,Christina,Kim,Collier,Saudi,christina.collier@Hotmail.com,525193181,06/04/1963,Retail,ZHZO9000
2137704808,Cynthia,Joshua,Friedman,Sudanese,cynthia.friedman@Hotmail.com,563053648,22/03/1956,Corporate,MMNI2729
2174295820,Dana,Joel,Lawrence,Saudi,dana.lawrence@Uj.edu.sa,530029338,02/09/1989,Retail,AOVF1839
1891003323,James,Brett,Miller,Saudi,james.miller@Yahoo.com,548799808,20/08/1986,Retail,KHUC4865
2863121990,Scott,Vanessa,Dean,Pakistani,scott.dean@Kau.edu.sa,515530788,01/06/2000,Retail,HHEW7426
2955212535,Richard,Kevin,Ray,Saudi,richard.ray@Gov.sa,567971868,15/07/1989,Retail,UKPW2610
2324585998,Michelle,Brandi,Davis,Saudi,michelle.davis@Gov.sa,531012879,16/03/1969,Corporate,TPXB7919
1701515835,Christopher,Justin,Vasquez,Saudi,christopher.vasquez@Uj.edu.sa,550151239,15/10/1984,Corporate,MWUQ3180
2372636160,Katrina,Haley,Reid,Saudi,katrina.reid@Gov.sa,523572769,23/12/1965,Retail,QHPQ4605
1399572479,Patrick,Pam,Odonnell,Syrian,patrick.odonnell@Gmail.com,599920540,20/04/1974,Retail,GUFF1930
1172746791,Stacey,Bradley,Benjamin,Egyptian,stacey.benjamin@Outlook.com,543239654,15/10/1964,Retail,JNCA3141
2058767523,Michael,Susan,Phillips,Saudi,michael.phillips@Hotmail.com,567591450,24/04/2002,Corporate,VLCU6258
2463878408,John,Alexander,Simpson,Saudi,john.simpson@Uj.edu.sa,547261215,25/12/1954,Retail,BZSX7620
1202227777,Ricky,Melissa,Powell,Saudi,ricky.powell@Uj.edu.sa,558142535,03/12/1973,Retail,DVHD3556
1941670126,Shannon,Matthew,Morgan,Saudi,shannon.morgan@Kau.edu.sa,578531370,27/05/1979,Retail,JXEJ2597
1867256286,Eileen,Rebecca,Mcdaniel,Egyptian,eileen.mcdaniel@Hotmail.com,524407041,08/08/2016,Corporate,WFTF9170
1290271715,Kristy,Audrey,Obrien,Saudi,kristy.obrien@Yahoo.com,583380786,27/01/1979,Retail,MDWK4825
2624664443,Eugene,Anthony,Jones,Saudi,eugene.jones@Hotmail.com,529877146,13/06/1968,Retail,UEDF7673
2205979990,Thomas,Joseph,Pearson,Saudi,thomas.pearson@Gmail.com,594864136,20/11/1970,Corporate,KMDM8527
1066954071,Tyler,Angela,Park,Syrian,tyler.park@Gov.sa,526750755,08/03/1990,Retail,SWEP2094
2549542593,Jessica,Stephen,Taylor,Saudi,jessica.taylor@Hotmail.com,599852625,28/04/1955,Corporate,LGCV8954
2530756893,Megan,Devon,Woods,Saudi,megan.woods@Outlook.com,512882717,28/08/1963,Corporate,SWZF6339
2662446008,Roberta,Douglas,Adams,Saudi,roberta.adams@Outlook.com,586459906,19/05/2004,Retail,YDYO4140
2278624944,Tiffany,Bonnie,Lee,Saudi,tiffany.lee@iCloud.com,574936296,11/03/2015,Retail,OHBP5481
1323777596,Travis,Jennifer,Williams,Saudi,travis.williams@Outlook.com,553256713,10/10/1961,Corporate,VJRO4745
1457307242,Jordan,David,Hicks,Bangladeshi,jordan.hicks@Yahoo.com,579876939,09/09/1976,Retail,RVAH2027
2463078803,James,Kelsey,Brown,Pakistani,james.brown@Outlook.com,552051034,07/02/1975,Corporate,SUFF3221
1658002410,Daniel,Matthew,Richard,Saudi,daniel.richard@iCloud.com,565547419,28/11/2002,Retail,LTEP6272
1097416702,Kyle,Teresa,Robinson,Saudi,kyle.robinson@Gmail.com,578401559,19/10/2013,Retail,YPFS5124
1878951774,Marie,Jake,Malone,Jordanian,marie.malone@Gov.sa,543328270,21/11/1988,Retail,NKDG4140
1492951151,Tamara,Shannon,Jones,Pakistani,tamara.jones@Hotmail.com,586870356,18/09/1996,Retail,PNCE3771
2687492205,Donald,Luke,Haley,Saudi,donald.haley@Hotmail.com,550043299,26/11/1989,Retail,XQFV7199
1262608088,Christina,Karen,Curry,Saudi,christina.curry@Gmail.com,524742312,27/06/1978,Retail,FFGG1684
1593220253,Andrew,Sergio,Turner,Jordanian,andrew.turner@Uj.edu.sa,516886910,29/06/2003,Retail,LCBK1145
1596456599,Chloe,Ronald,Chang,Saudi,chloe.chang@Yahoo.com,544904382,10/08/1963,Retail,AGUW5419
2603165087,Gerald,Juan,Jones,Saudi,gerald.jones@Hotmail.com,598132601,22/01/1964,Corporate,PWVV7531
1235781508,Keith,Heather,Dawson,Saudi,keith.dawson@Uj.edu.sa,547860770,05/01/1965,Corporate,UITF5074
1082321162,Holly,Maria,Craig,Saudi,holly.craig@Gov.sa,594960276,14/07/2012,Retail,ZZYH8708
2425066767,Alan,Nicholas,Hahn,Sudanese,alan.hahn@Yahoo.com,520842995,23/10/1956,Corporate,CHUA4842
2222279805,Diana,Chris,Park,Saudi,diana.park@iCloud.com,544298145,05/02/1981,Corporate,XTTU3156
2452192255,Shane,David,Rose,American,shane.rose@iCloud.com,559726530,30/08/2004,Retail,WQLZ7747
1867250815,Veronica,Mary,Freeman,Saudi,veronica.freeman@Gov.sa,525563941,05/06/1962,Retail,HQRH9404
1145323786,Amanda,Paula,Griffith,Saudi,amanda.griffith@Yahoo.com,519339934,13/07/1989,Corporate,UFCQ9348
2015440738,Michelle,Anna,Brown,Saudi,michelle.brown@iCloud.com,540080047,05/01/1957,Corporate,GCND8410
2579952794,Victor,Mary,Lee,Saudi,victor.lee@Hotmail.com,561360200,30/07/1971,Corporate,MYED4564
2713382855,George,Elizabeth,Buck,Saudi,george.buck@Yahoo.com,570250683,09/09/1998,Retail,IAPF2047
1580311223,Sandra,Charles,Harris,Saudi,sandra.harris@Gmail.com,549502178,30/04/1985,Retail,LIQT3852
1434970077,Robert,Lisa,Walton,Sudanese,robert.walton@Gmail.com,596530967,26/06/1967,Retail,WUHH3102
2665807606,Jennifer,James,Pacheco,Saudi,jennifer.pacheco@Yahoo.com,554695279,16/07/2005,Retail,NUPG6000
2796686713,Morgan,Daniel,Henry,Saudi,morgan.henry@Uj.edu.sa,538862931,12/06/1997,Corporate,SLCW2767
2341465422,Pamela,Teresa,Koch,Saudi,pamela.koch@Outlook.com,589687922,02/10/2005,Retail,XBFB6240
1830338364,Todd,Tara,Mills,Saudi,todd.mills@Outlook.com,588553173,04/06/1976,Corporate,DFLD2414
1444449644,Eugene,Tracy,Patel,Saudi,eugene.patel@Yahoo.com,518585470,30/07/1991,Corporate,TCPW8022
1207162802,Heather,Ashley,Gutierrez,Egyptian,heather.gutierrez@Kau.edu.sa,538692770,27/09/1983,Retail,NQLH5126
1902784543,Jeffrey,Bianca,Harrell,Saudi,jeffrey.harrell@Kau.edu.sa,598719639,08/09/1988,Retail,VQXD3173
2260962488,Shannon,Eugene,Miller,Saudi,shannon.miller@Gov.sa,576725299,19/08/1985,Corporate,JPLC8626
1627407034,Martha,Katrina,Sanchez,Syrian,martha.sanchez@Gov.sa,537959910,15/11/1992,Corporate,QZDV2925
1136150410,Jennifer,Michelle,Kaiser,Saudi,jennifer.kaiser@Kau.edu.sa,558162010,15/02/1966,Retail,YEGG3133
2492799575,Jill,Jonathan,May,Bangladeshi,jill.may@iCloud.com,551429917,23/12/2015,Corporate,LVTU1007
2643204865,James,Bailey,Ochoa,Saudi,james.ochoa@Gmail.com,524918641,29/04/2011,Retail,EVGZ9008
1594857419,Brian,Ryan,Higgins,Saudi,brian.higgins@Kau.edu.sa,534040409,06/10/2011,Corporate,TSOS3090
1064728839,Emily,Daniel,Turner,Saudi,emily.turner@Gmail.com,584977664,25/06/1952,Corporate,DWBU7838
2842878618,Christian,Norma,Richards,Saudi,christian.richards@iCloud.com,576158482,18/11/2007,Retail,IDDU8389
2244575417,Matthew,Michael,Benitez,Saudi,matthew.benitez@Hotmail.com,549871275,22/12/1968,Retail,BEVM4859
1635815906,Michelle,David,Jones,Saudi,michelle.jones@iCloud.com,550306816,04/12/1971,Retail,OHXR3964
1705401796,Nicole,Scott,Carr,Pakistani,nicole.carr@Outlook.com,553260563,30/09/1974,Retail,PQOZ2794
2277117026,Michelle,James,Khan,Saudi,michelle.khan@Uj.edu.sa,584724450,22/06/2006,Retail,FFCO4716
2908377457,Kenneth,Rachel,Aguilar,Bangladeshi,kenneth.aguilar@Hotmail.com,569874206,02/06/1952,Retail,LIEC7546
1004760580,Lindsay,Darlene,Zimmerman,Saudi,lindsay.zimmerman@Hotmail.com,593084612,29/05/2005,Retail,LMCL9262
1530782362,Heather,James,Williams,Egyptian,heather.williams@Gmail.com,568003965,20/04/2000,Retail,LXEH7896
2200566087,Diane,John,Vasquez,Saudi,diane.vasquez@Kau.edu.sa,514750092,19/02/1974,Retail,GASE4208
2940184490,William,Richard,Martin,Saudi,william.martin@Yahoo.com,599307459,03/04/2013,Corporate,KQXN9829
2059688716,Cassandra,Jillian,Johnson,Bangladeshi,cassandra.johnson@Uj.edu.sa,513827627,30/07/1973,Retail,LWPM9240
1180083304,Stephanie,Michael,Brown,Saudi,stephanie.brown@Uj.edu.sa,552612667,15/03/1965,Corporate,EMOE1393
1322363385,Kevin,Andrew,Rasmussen,American,kevin.rasmussen@Gov.sa,559451929,26/01/1963,Retail,MIWL8941
2981546884,Christina,Chelsea,Barber,Pakistani,christina.barber@Gmail.com,561290310,28/04/2016,Corporate,XGHY3577
2358823303,Juan,Barbara,Kelly,Bangladeshi,juan.kelly@Kau.edu.sa,574410644,06/06/1967,Corporate,PNYF5619
2591048736,Brianna,Kevin,Maynard,Saudi,brianna.maynard@Gmail.com,585692695,17/07/1968,Corporate,RAXR1659
1843461312,Anthony,Ariel,Rice,Saudi,anthony.rice@Hotmail.com,536393956,27/12/1950,Retail,XYRB3877
1973844309,Melissa,Julie,Ramos,Filipino,melissa.ramos@Uj.edu.sa,538062011,06/08/1969,Retail,JJGO4805
1156497189,Richard,Raymond,White,Saudi,richard.white@Yahoo.com,539948851,24/12/2004,Retail,NRAX2677
2071240995,Joyce,Jill,Lee,American,joyce.lee@Uj.edu.sa,568809269,31/01/1996,Retail,XRST6366
1976673216,Brenda,James,Hayes,Saudi,brenda.hayes@Outlook.com,545632726,25/07/1981,Corporate,SPDD6883
2804351804,Jessica,Mark,Pope,Saudi,jessica.pope@Outlook.com,595431507,07/09/1955,Corporate,ODKA7115
1064285055,Erin,Kevin,Tucker,Saudi,erin.tucker@Uj.edu.sa,567160395,29/01/1986,Retail,XJSK6894
1757025267,Kimberly,Jeff,Huff,Saudi,kimberly.huff@Outlook.com,538101654,13/04/1967,Retail,GAPX9722
1816970436,David,Jeremy,Stewart,Saudi,david.stewart@Gov.sa,567640226,12/05/1991,Corporate,KWRY7022
2816170720,Jasmine,Jennifer,Long,Saudi,jasmine.long@iCloud.com,548658084,14/12/1960,Corporate,QFSU7264
2343993152,Melissa,Jeremy,Yang,Saudi,melissa.yang@Outlook.com,569864216,21/11/1974,Retail,NRBH4524
1623703319,Carl,Mason,Wells,Jordanian,carl.wells@Uj.edu.sa,546362167,05/11/1955,Retail,BJTQ8649
1558015988,Shari,Leslie,Davidson,Pakistani,shari.davidson@Gov.sa,540987344,16/10/1951,Corporate,FEMB5679
1459232405,Lisa,Judy,Walker,Saudi,lisa.walker@iCloud.com,533128043,27/04/1993,Retail,BFFE1451
2349740159,Patricia,Brittany,Reed,Saudi,patricia.reed@Gmail.com,523297643,06/12/1976,Corporate,QVNX3196
1119473221,Nicole,Natalie,Johnson,Saudi,nicole.johnson@Yahoo.com,570569894,27/06/1975,Retail,EQZD7430
2271345969,Tonya,Robert,Davidson,Saudi,tonya.davidson@Uj.edu.sa,565457469,22/06/1981,Retail,XQGB1183
2878908026,Robert,Leslie,Huber,Indian,robert.huber@Hotmail.com,531375326,24/08/1977,Corporate,HESU1180
2575619805,Desiree,Leslie,Jenkins,Saudi,desiree.jenkins@Gmail.com,516716798,25/01/1957,Retail,HNFC5950
1613727943,Frank,Christian,Mccoy,American,frank.mccoy@Outlook.com,589604255,01/07/1968,Retail,POLG2092
1744224649,Rhonda,Rebecca,Martinez,Saudi,rhonda.martinez@Outlook.com,575908535,23/11/1994,Retail,TJLS4200
2944042837,Christine,Colleen,Henry,Saudi,christine.henry@iCloud.com,594522736,22/12/1954,Corporate,PNJA5709
1660802412,Gina,Amber,Howard,Syrian,gina.howard@Gov.sa,567648168,17/10/1999,Corporate,WDTF8675
1449640892,Steven,Lisa,Mcdowell,Saudi,steven.mcdowell@iCloud.com,594703320,24/01/1974,Retail,MGBM2084
1809926487,Jasmine,Dennis,Jones,Saudi,jasmine.jones@Gov.sa,550201916,24/08/2013,Retail,KDFC4557
1270393061,Anna,Steven,Leach,Saudi,anna.leach@iCloud.com,526535731,25/07/1988,Corporate,IHTG2675
2390212037,Timothy,Jenna,Schultz,Syrian,timothy.schultz@Kau.edu.sa,555310853,09/12/1978,Retail,UPYQ4446
1146853207,Manuel,Jeremy,Gordon,Indian,manuel.gordon@Kau.edu.sa,568246690,28/09/2004,Corporate,VMAT9674
2158144719,Tamara,Christine,Walker,Saudi,tamara.walker@Gmail.com,549105990,18/12/1981,Retail,VEBI1766
1625952707,Antonio,Cassandra,Castillo,Saudi,antonio.castillo@Gov.sa,541499598,12/01/1997,Retail,JOZI3096
2667662565,Jacob,Rebecca,Rodriguez,Saudi,jacob.rodriguez@Yahoo.com,515094987,25/12/1955,Retail,EELI9930
2837296071,Timothy,Philip,Russell,Saudi,timothy.russell@Hotmail.com,523698538,21/01/1981,Retail,IYZR5086
2430032320,Robert,Nathan,Sparks,Saudi,robert.sparks@Yahoo.com,567176299,28/12/1994,Corporate,OJXK6527
2794001769,Ryan,Matthew,Lindsey,Saudi,ryan.lindsey@iCloud.com,555626064,27/04/1961,Retail,MZWZ3144
1657725664,Elizabeth,Emily,Wong,Saudi,elizabeth.wong@Gov.sa,584550502,21/06/2017,Retail,YJXD4062
1668000736,Sarah,Patrick,Bradley,Saudi,sarah.bradley@Gmail.com,561774455,30/10/2018,Retail,ZOZA6024
1555255812,Meghan,Phyllis,Castillo,Saudi,meghan.castillo@Outlook.com,531011501,13/08/1977,Retail,VKNF8764
2002919960,David,Laura,Snyder,Saudi,david.snyder@Uj.edu.sa,529377995,16/04/1984,Retail,EVJX8338
2386841489,Gabriel,Gail,Wagner,Saudi,gabriel.wagner@Yahoo.com,560275068,06/03/1972,Corporate,GONX9799
2178757929,Jennifer,Bobby,Orr,American,jennifer.orr@Uj.edu.sa,516736837,21/08/1965,Retail,EZMC1183
2461244272,Tyler,Cody,Wood,Egyptian,tyler.wood@Uj.edu.sa,547426743,18/08/2009,Corporate,CIYO2140
2992185865,Courtney,Michael,Warren,Saudi,courtney.warren@Yahoo.com,560263432,15/05/2005,Retail,KKOH6172
1208493676,Vanessa,Lauren,Chavez,Filipino,vanessa.chavez@Uj.edu.sa,596945294,09/11/1964,Retail,TMUQ5183
1603273852,Tara,Jason,Brooks,Saudi,tara.brooks@Uj.edu.sa,572743699,04/08/1961,Retail,CXRZ8280
1465150174,Laura,Elizabeth,Ferrell,Bangladeshi,laura.ferrell@Yahoo.com,540010396,30/08/1950,Corporate,HRFK3834
1216089594,Patrick,April,Haley,Saudi,patrick.haley@Kau.edu.sa,540455232,04/03/2008,Corporate,SXDY2262
2236394706,Tony,Rachael,Chavez,Sudanese,tony.chavez@Hotmail.com,512114659,02/05/1963,Corporate,LIPV9440
1056509279,Tonya,Levi,Thomas,Saudi,tonya.thomas@Gov.sa,550486716,11/11/2010,Retail,BCHR5570
2028981865,Scott,Thomas,Foley,Sudanese,scott.foley@Gov.sa,597930729,13/07/1997,Retail,MLDY4035
1345295265,Tara,David,Cruz,Sudanese,tara.cruz@Uj.edu.sa,522695809,15/01/1959,Retail,WIHI6723
1376812218,Charles,Kathy,Phillips,Saudi,charles.phillips@iCloud.com,514141172,25/01/1961,Retail,ZFMG1703
2082381959,Jackson,Michelle,Decker,Egyptian,jackson.decker@Gov.sa,528743766,05/02/2004,Corporate,FSTY5271
1832805731,Kayla,Joseph,Cobb,Saudi,kayla.cobb@Gmail.com,587852777,14/07/1952,Retail,NTZA5441
2575119422,Jennifer,Ashley,Martin,Jordanian,jennifer.martin@Hotmail.com,551913828,07/09/1987,Retail,AARW4196
1230133469,Megan,Michael,Davidson,Saudi,megan.davidson@Yahoo.com,516552009,13/02/1983,Corporate,SMJI7114
2699447774,Collin,Rebecca,Baker,Sudanese,collin.baker@Gmail.com,589269893,21/01/1969,Retail,XBMZ3886
2514628546,Samantha,Caitlin,Franklin,Saudi,samantha.franklin@Gmail.com,513900210,03/04/2007,Retail,NDPX2586
2686165211,Caitlin,Diane,Cordova,Saudi,caitlin.cordova@Yahoo.com,549352849,02/08/1950,Retail,LNHH1854
1843355097,Renee,Joseph,Bryant,Saudi,renee.bryant@Hotmail.com,536542829,03/12/1961,Retail,DOXU2978
2925249111,Jon,Emily,Peters,American,jon.peters@Uj.edu.sa,520259502,18/11/1953,Corporate,CHKI9999
1005993681,Jeffrey,Jessica,Moore,Saudi,jeffrey.moore@Hotmail.com,596724612,14/04/1999,Retail,INHH5190
1147762094,Anthony,Daniel,Smith,Saudi,anthony.smith@Yahoo.com,568890336,13/01/1972,Retail,OXYN5089
1833443285,Cassandra,Michael,Smith,Filipino,cassandra.smith@iCloud.com,531953559,05/05/1982,Retail,PACU6315
1398112161,Joshua,Alexandra,Diaz,Saudi,joshua.diaz@Gmail.com,585097816,20/09/1997,Corporate,PKUM9882
2909996161,Marissa,Jeremy,Lopez,Saudi,marissa.lopez@Gov.sa,539672776,14/07/2010,Retail,WYSF6682
1494987292,Michael,Kelly,Graham,Saudi,michael.graham@iCloud.com,552095850,07/02/2001,Retail,ILWL2013
2475665542,Danielle,Julie,Mcdonald,Jordanian,danielle.mcdonald@Gmail.com,512291578,11/01/2013,Retail,HBDK1345
2442598731,Regina,Mark,Williams,Saudi,regina.williams@Yahoo.com,550515963,08/04/1988,Corporate,VLIG7241
1497555446,Vanessa,Kelly,Farrell,Saudi,vanessa.farrell@Yahoo.com,519846454,02/09/1986,Retail,PRLP1601
2376097198,Brandon,Rachel,Thompson,Saudi,brandon.thompson@Yahoo.com,528833890,19/01/2010,Retail,BWYP7220
2353340093,Thomas,Terry,Hoffman,Indian,thomas.hoffman@iCloud.com,571627311,26/01/1980,Retail,EFZP6929
2853833143,Paige,Emily,Murillo,Pakistani,paige.murillo@Yahoo.com,568160359,30/10/2005,Corporate,NKJV9795
1096259899,John,Reginald,Collins,Filipino,john.collins@Gov.sa,543005280,03/04/2015,Corporate,ACFP9406
1398611506,Rebecca,Amanda,Rice,Saudi,rebecca.rice@Gov.sa,572522858,14/11/1950,Corporate,VOLG2335
1366487950,Jennifer,Joseph,Carlson,Egyptian,jennifer.carlson@Kau.edu.sa,597857007,20/04/1954,Retail,WYKC6027
2385944980,Madison,Lisa,Shaffer,Bangladeshi,madison.shaffer@Gmail.com,545156513,07/11/1966,Retail,NFUO2279
2757819755,Vanessa,Heidi,Moore,Saudi,vanessa.moore@Kau.edu.sa,538079222,06/03/1995,Retail,YLXC5680
1035551308,Jessica,Troy,Knapp,Saudi,jessica.knapp@Outlook.com,589789836,17/03/2007,Retail,WJMZ8675
2708156401,Brittany,Whitney,Shepherd,Filipino,brittany.shepherd@Outlook.com,530575670,21/09/1956,Corporate,PTQC6633
1216639012,Kathryn,Jennifer,Welch,Saudi,kathryn.welch@Gmail.com,541213458,26/10/1956,Retail,OGUW7694
2770242908,Natalie,Christopher,Wyatt,Bangladeshi,natalie.wyatt@Uj.edu.sa,594510513,30/10/2006,Corporate,HNNZ2372
2406261696,Dustin,Eric,Miller,Saudi,dustin.miller@Gmail.com,567471045,10/05/1990,Retail,VVEI7893
1144571381,Brittany,Kristina,Williams,American,brittany.williams@iCloud.com,596943550,21/11/1983,Retail,OHTG3761
1742811198,Benjamin,Ruben,Brooks,Filipino,benjamin.brooks@Gov.sa,543520048,05/10/1974,Retail,GOTM3090
2676383601,Joy,Maria,Mcconnell,Saudi,joy.mcconnell@Uj.edu.sa,546404109,03/11/2017,Corporate,APDO6320
1317420486,Tiffany,Wayne,Brown,Saudi,tiffany.brown@Yahoo.com,513851092,18/04/2002,Retail,KFID1860
1937280037,Megan,Vickie,Hodge,Saudi,megan.hodge@Uj.edu.sa,549338177,11/07/1963,Retail,CFAY3877
1105438360,Linda,Lauren,Ingram,Saudi,linda.ingram@Kau.edu.sa,558112498,22/04/1975,Retail,UQEE9209
2872998237,Linda,Michele,Galvan,Indian,linda.galvan@Gmail.com,523815290,24/08/1997,Retail,CITH9557
1034506360,Amanda,Thomas,Graves,Saudi,amanda.graves@iCloud.com,585764694,29/03/1977,Retail,TYZC8618
1006231899,Nancy,Dominique,Smith,Jordanian,nancy.smith@iCloud.com,584657038,17/04/2012,Retail,HSKK1599
2104390185,Dylan,Shelia,Flores,Saudi,dylan.flores@iCloud.com,534609791,16/03/1970,Corporate,LEZP1027
2204834386,Robert,Jodi,Brooks,Saudi,robert.brooks@Outlook.com,597016397,11/10/1966,Retail,TZND7307
2341720259,Nicholas,Justin,Nelson,Bangladeshi,nicholas.nelson@Gmail.com,598693104,05/11/1998,Retail,KTOY1894
1389311251,Brianna,Brianna,Taylor,Saudi,brianna.taylor@Hotmail.com,580456090,19/09/1955,Retail,NCTB3880
2021061942,Erica,Christopher,Marshall,Saudi,erica.marshall@Kau.edu.sa,550407685,23/10/1979,Corporate,WTKQ5635
1232949200,Sara,Brianna,Sims,Saudi,sara.sims@Kau.edu.sa,526476375,03/12/1968,Corporate,RRXF3255
1119420388,Carrie,Matthew,Campbell,Saudi,carrie.campbell@Uj.edu.sa,576016008,21/02/1969,Retail,OZFS8434
2529401073,Kimberly,Ashley,Hansen,American,kimberly.hansen@Outlook.com,559509491,15/02/2007,Retail,SDWJ7332
1238996223,Robert,Walter,Grant,Saudi,robert.grant@Yahoo.com,519211115,30/09/2013,Retail,ZFPG9700
1965906669,Michael,Andrew,Cook,American,michael.cook@Gov.sa,516503063,02/01/1963,Retail,QNRO7211
2576708133,Randy,Nicholas,Gonzalez,Saudi,randy.gonzalez@Gov.sa,525124660,15/02/1951,Retail,ZPYQ5161
1878769239,Joseph,Daniel,Sims,Pakistani,joseph.sims@Uj.edu.sa,588950933,02/12/2010,Retail,YADS2363
1603349164,John,Brittany,Norman,Syrian,john.norman@Kau.edu.sa,576935392,26/02/2014,Retail,RXXN7442
2235339177,Michael,Stephanie,Hughes,Bangladeshi,michael.hughes@Hotmail.com,520128534,10/01/2000,Corporate,YIHP9177
2975734684,William,Christopher,Lopez,Saudi,william.lopez@Outlook.com,538679404,25/08/1983,Retail,IENV4312
2392248113,Shannon,Sandra,Curtis,Egyptian,shannon.curtis@Hotmail.com,525348922,16/10/1964,Corporate,SZSG4642
2941088630,David,Antonio,Garcia,Saudi,david.garcia@Uj.edu.sa,555005620,06/03/1983,Retail,AEYJ4736
1362365501,Charles,Brittany,Palmer,Sudanese,charles.palmer@Hotmail.com,550538112,22/09/1982,Retail,PTOS7354
1358897441,Susan,Adam,Burns,American,susan.burns@Uj.edu.sa,583217539,25/04/1998,Retail,UCFG3029
1629362818,Justin,Kathy,Montgomery,Saudi,justin.montgomery@Uj.edu.sa,575293917,01/01/1952,Retail,KNAR2890
1569610564,Frederick,Lacey,Moore,Saudi,frederick.moore@Yahoo.com,515552970,22/05/1991,Corporate,UGXR9462
2948304399,Cynthia,Collin,Bennett,Bangladeshi,cynthia.bennett@Uj.edu.sa,593918727,29/01/1970,Retail,WHTM2173
1888766806,Joshua,Jacob,Martinez,Saudi,joshua.martinez@Outlook.com,570953864,04/05/1971,Retail,BDPK5148
1512083318,Robert,Benjamin,Jenkins,Saudi,robert.jenkins@Gov.sa,517246522,15/11/1971,Retail,BEAI1129
1569676311,Matthew,Sarah,Erickson,Sudanese,matthew.erickson@Gmail.com,551884685,18/11/2018,Corporate,GORX3046
2600229523,Amanda,Jonathan,Torres,Saudi,amanda.torres@iCloud.com,510717199,02/11/1954,Retail,TQIV2643
1964225789,James,Ryan,Ramirez,Saudi,james.ramirez@Yahoo.com,524163000,03/03/2000,Corporate,FNHD1982
2339599656,Allen,William,Waters,Saudi,allen.waters@Outlook.com,542032253,07/09/1974,Retail,UKER6968
1113587037,Katelyn,Amy,Munoz,Saudi,katelyn.munoz@Yahoo.com,581406430,05/12/1972,Corporate,SFTH4763
2931779807,James,Richard,Jimenez,Filipino,james.jimenez@iCloud.com,572914003,24/02/2015,Corporate,YAXV8094
1338558307,Michelle,Ivan,Mathis,Bangladeshi,michelle.mathis@Yahoo.com,574558028,25/08/1977,Retail,FZXY9019
1460013666,Levi,Sharon,Walker,Saudi,levi.walker@Yahoo.com,553580019,30/03/1985,Retail,RSTZ9792
2283291591,Sarah,Joshua,Parker,Saudi,sarah.parker@Gov.sa,572028910,21/09/1978,Corporate,KDZP7199
2044869044,John,Matthew,Harris,Saudi,john.harris@Gov.sa,545874763,30/11/2015,Retail,INFZ5522
1865462721,Jose,Olivia,Graham,American,jose.graham@Gov.sa,536084405,27/06/1980,Corporate,GKWN6756
2202669843,Juan,Albert,Lopez,Saudi,juan.lopez@Kau.edu.sa,542677368,11/08/1993,Retail,JNPL6607
2910601572,Jennifer,Joseph,Thompson,Saudi,jennifer.thompson@Gmail.com,592788502,28/09/1952,Retail,CAPR7299
1962064816,Rebecca,Lindsay,Bray,Saudi,rebecca.bray@Kau.edu.sa,569081050,22/08/1958,Retail,ROZT5367
1595543548,Stephanie,Ryan,Scott,Saudi,stephanie.scott@Kau.edu.sa,544694253,14/11/2003,Retail,KNSI5606
2258822526,Michelle,Melissa,Gomez,Jordanian,michelle.gomez@Hotmail.com,525272678,10/03/1972,Retail,WFRS2244
2378811878,Terri,Amy,English,Saudi,terri.english@Kau.edu.sa,558174055,25/07/1986,Retail,XRBR3731
1353975739,Kara,Emily,Rivera,Bangladeshi,kara.rivera@iCloud.com,557813583,06/04/1988,Retail,SMIU1610
1286802423,Jacob,Charles,Hendricks,Saudi,jacob.hendricks@Gov.sa,579382853,19/06/2003,Retail,ZXSI7678
2249757823,Jeffrey,Kathleen,Knight,Indian,jeffrey.knight@Uj.edu.sa,545207218,11/08/1978,Corporate,COIT4247
2152356143,David,Deanna,Newman,Pakistani,david.newman@iCloud.com,597730492,22/09/1997,Corporate,LCBP7538
2329476258,Michael,Michelle,Johnson,Saudi,michael.johnson@iCloud.com,513964612,03/08/1997,Corporate,SICJ1445
1028334218,Victoria,Lee,Turner,Saudi,victoria.turner@Kau.edu.sa,523573734,18/09/1969,Corporate,PVLQ7977
2978846370,Mary,Brian,Chapman,Saudi,mary.chapman@iCloud.com,555374035,28/09/1985,Retail,IKKB6244
2587141125,Frank,Holly,Galloway,Saudi,frank.galloway@Gmail.com,536379528,15/05/1982,Corporate,IFUN9192
2557148167,Jean,Chloe,Tran,Filipino,jean.tran@Gmail.com,593959063,31/12/1971,Retail,ORKW6334
2895882845,Timothy,Angela,Werner,Saudi,timothy.werner@Hotmail.com,595964891,16/12/1970,Corporate,HQZH6100
2069411070,Anthony,William,Roberts,Saudi,anthony.roberts@Uj.edu.sa,583252859,29/04/2013,Retail,HTEK9228
1630708224,Lisa,Patricia,Richmond,Saudi,lisa.richmond@Outlook.com,552304821,26/11/1952,Retail,JVUT2403
2601194538,Stacy,Mary,Mullen,Saudi,stacy.mullen@Yahoo.com,551774189,22/10/2005,Retail,YHLO8301
2661334171,Bruce,Emma,Smith,Saudi,bruce.smith@Gmail.com,562942509,09/09/2007,Retail,DQIC7652
2837058298,Diane,Susan,Leblanc,Syrian,diane.leblanc@iCloud.com,591194454,31/03/1952,Retail,HQPN5423
2971411877,Tristan,Jennifer,Hale,Saudi,tristan.hale@Kau.edu.sa,550270213,27/01/1967,Corporate,VUTF7360
2635355898,Samantha,James,Hill,Saudi,samantha.hill@Gov.sa,549337590,09/05/1980,Retail,JCPW5435
1022447144,Thomas,Keith,Lewis,Egyptian,thomas.lewis@Uj.edu.sa,522665741,07/12/1986,Retail,DCCK2828
2610545653,Danielle,Julie,Boone,Saudi,danielle.boone@Uj.edu.sa,535623846,30/06/1987,Retail,OJWV6737
1718706452,Anthony,Stacey,Reed,Jordanian,anthony.reed@Gov.sa,542107987,16/07/1981,Corporate,GAAW1434
1212347345,Joan,Brenda,Hill,Saudi,joan.hill@Kau.edu.sa,562936948,03/10/2012,Retail,BBRH9705
2265850653,Christina,Isabella,Baker,Saudi,christina.baker@Yahoo.com,585451570,22/09/1963,Corporate,EHPG1931
1273580081,Stephanie,Tonya,Stone,Sudanese,stephanie.stone@Hotmail.com,570137872,09/01/2001,Corporate,DAAH5359
1928395626,Lisa,David,Williams,Saudi,lisa.williams@Kau.edu.sa,589714369,31/10/1986,Retail,GCEX5894
2875823928,Jennifer,Eric,Buck,Saudi,jennifer.buck@Uj.edu.sa,524232594,01/11/2004,Retail,GANP6751
2293447058,Gail,Kevin,Knight,Sudanese,gail.knight@Gov.sa,576057215,01/08/1984,Retail,OHNN5900
1453758793,Kimberly,Bradley,Hill,Saudi,kimberly.hill@Outlook.com,540889506,04/10/1980,Retail,SZMT1691
2820219107,Adam,Nichole,Osborne,Saudi,adam.osborne@Outlook.com,511154723,21/06/1978,Corporate,PGVB1575
1569742419,Bryan,Jill,Sullivan,Saudi,bryan.sullivan@Hotmail.com,566919334,25/11/1980,Retail,WWQV1051
1914532383,John,Maria,Dillon,Syrian,john.dillon@iCloud.com,586714173,14/07/1986,Corporate,YAGF9174
2059789210,Melissa,Karen,Crane,Saudi,melissa.crane@Kau.edu.sa,586556654,23/10/1954,Retail,DFHP8256
1619180540,Sarah,Catherine,Bush,Saudi,sarah.bush@Hotmail.com,510129365,14/11/1971,Corporate,OXVV7317
2523684743,Thomas,Michael,Williams,Syrian,thomas.williams@Gmail.com,537461575,30/03/1976,Retail,EWNT2390
1847021237,Autumn,Susan,Raymond,Sudanese,autumn.raymond@Outlook.com,536096830,18/06/1968,Corporate,GVKU2425
1428115212,Geoffrey,Gina,Butler,Saudi,geoffrey.butler@iCloud.com,596927687,18/08/1974,Retail,NGWJ7420
2166409088,Bruce,Shaun,Evans,Saudi,bruce.evans@Gov.sa,585623650,02/09/1984,Retail,OEJG9428
2658529383,George,Tina,Pierce,Saudi,george.pierce@Yahoo.com,598941586,17/04/1974,Corporate,VJLC2101
2465832167,Ernest,Andrew,Russell,Saudi,ernest.russell@Hotmail.com,574077605,06/03/2010,Corporate,ADJK5931
2089634560,Stephen,Erin,Bird,Filipino,stephen.bird@Outlook.com,522855478,15/07/1992,Retail,QGDO4015
1652000696,Larry,Tyler,Jones,Saudi,larry.jones@Gmail.com,512149341,16/09/1995,Retail,SQMD9330
2572754737,Daniel,James,James,Bangladeshi,daniel.james@Uj.edu.sa,525538490,27/09/2010,Corporate,GZDU1357
2242370959,Courtney,Michelle,Watts,Saudi,courtney.watts@iCloud.com,586537522,16/08/2014,Retail,PPFX1215
1720424999,Nicole,Dominique,Wilson,Saudi,nicole.wilson@iCloud.com,511460092,17/09/2015,Retail,YRYJ3705
2774172550,Christopher,Nicholas,Bentley,Saudi,christopher.bentley@Kau.edu.sa,584827223,14/07/1984,Corporate,LCRB3144
1985675247,Charles,Jerry,Smith,Saudi,charles.smith@iCloud.com,573987414,03/06/1986,Retail,RGSU2949
2779105677,Sarah,Natasha,Mcdonald,Saudi,sarah.mcdonald@Uj.edu.sa,562127968,03/08/2010,Corporate,MOPA2741
1271572531,Michael,Selena,Johnson,Sudanese,michael.johnson@Uj.edu.sa,527761906,14/09/2005,Corporate,KPXC9561
1704401751,Mikayla,Andrew,Hill,Saudi,mikayla.hill@Hotmail.com,569423252,28/07/2003,Retail,FYZZ8245
1598994148,James,Stephanie,Harris,Sudanese,james.harris@Hotmail.com,590905603,04/03/1960,Corporate,WKBX7480
2957627252,Chad,Anita,Rodriguez,Saudi,chad.rodriguez@Gov.sa,561101412,25/08/2010,Corporate,EVNF4809
2902066932,Daniel,Cynthia,Baker,Saudi,daniel.baker@Uj.edu.sa,585669264,27/01/1981,Retail,TABP6325
2189677832,Elizabeth,Luis,Joyce,Sudanese,elizabeth.joyce@Kau.edu.sa,584845142,11/04/1983,Retail,XPFP4707
1011205566,Deborah,Timothy,Burton,Saudi,deborah.burton@Gmail.com,571838482,22/11/1958,Retail,GYWS2951
2645883944,Joseph,Elizabeth,Nicholson,Saudi,joseph.nicholson@Yahoo.com,565408803,15/02/1983,Retail,ECTG9339
2248798662,Michael,Brian,Flores,Saudi,michael.flores@Uj.edu.sa,511418032,13/02/1996,Retail,XBII9556
2926209498,Christian,Angela,Kennedy,Pakistani,christian.kennedy@Outlook.com,532828413,26/11/1996,Retail,KMEQ9089
2674729598,Julia,Maria,Rocha,Saudi,julia.rocha@iCloud.com,513880048,30/09/1972,Corporate,OIIH8157
2488164115,Jennifer,Abigail,Hernandez,Bangladeshi,jennifer.hernandez@Outlook.com,592470829,02/05/1974,Retail,FMEA9158
2799598900,Amy,Megan,Burgess,Saudi,amy.burgess@iCloud.com,544523392,01/11/2004,Retail,MQUD1450
1544577540,Teresa,Kelli,Armstrong,Pakistani,teresa.armstrong@Outlook.com,573298238,17/12/1974,Retail,AQRW1222
1798667543,Heather,Rebecca,Pope,Saudi,heather.pope@Hotmail.com,577689350,16/03/2000,Retail,JOXY5229
2359588829,Christina,Peter,Holland,Syrian,christina.holland@Uj.edu.sa,541994547,14/10/1999,Retail,OXGF7444
2863319627,Bradley,Susan,Valencia,Saudi,bradley.valencia@Yahoo.com,583755505,30/04/1992,Retail,CQYN3657
1008727055,Laura,Angel,Gonzales,Saudi,laura.gonzales@Yahoo.com,512772171,27/07/2018,Retail,WKXV7620
1614291888,Matthew,Jamie,White,Saudi,matthew.white@Yahoo.com,553334375,13/01/2002,Retail,HIAA6392
2998159539,Keith,Mary,Garcia,Saudi,keith.garcia@Gmail.com,589642563,07/08/1975,Retail,IIXS9351
1353675470,Jennifer,Charles,Wagner,Indian,jennifer.wagner@Gmail.com,552966884,10/01/1957,Retail,JJWF4429
1958661788,Charles,Nina,Johnson,Jordanian,charles.johnson@Gov.sa,510587815,08/07/1977,Retail,VVIS3536
1540928598,Julie,Barbara,Murray,Syrian,julie.murray@Hotmail.com,548524469,15/10/1980,Retail,TSFG4774
1967311008,Bobby,David,Hutchinson,Syrian,bobby.hutchinson@Gov.sa,525122707,27/10/1958,Retail,SWTF2241
1867998342,Andrea,Joshua,Dunn,Saudi,andrea.dunn@Hotmail.com,515410084,22/12/2017,Corporate,JMWM8486
1768374689,Taylor,Tina,Alvarez,Saudi,taylor.alvarez@Yahoo.com,587577461,02/02/1960,Corporate,KRCH6466
1581927114,Megan,Ashley,Schaefer,Syrian,megan.schaefer@Gmail.com,542960461,27/08/1987,Retail,AWPC9513
2715829566,Michael,Lisa,Ramirez,Saudi,michael.ramirez@Uj.edu.sa,556871875,21/10/1970,Retail,UZKJ7503
1149070589,Kelly,Patty,Mann,Saudi,kelly.mann@Gov.sa,513368837,07/10/1970,Retail,EKDJ2386
2270388735,Briana,Nathan,Bolton,Saudi,briana.bolton@Outlook.com,554288795,01/09/1978,Corporate,IUAG7231
1372894278,Anthony,William,Fleming,Saudi,anthony.fleming@Gmail.com,538673218,25/07/1991,Retail,UKTY5860
2877981404,Eric,Frank,Walker,Indian,eric.walker@Gmail.com,527190291,20/09/1952,Retail,TYOK3972
2424704998,Erica,David,Luna,Saudi,erica.luna@Gov.sa,594285465,31/10/1988,Retail,FNTD7375
2243328762,Katherine,Thomas,Bullock,Saudi,katherine.bullock@Outlook.com,536729412,21/04/1955,Retail,OWOE7661
2793417841,Catherine,Lauren,Clark,Syrian,catherine.clark@Outlook.com,576726797,29/08/1999,Corporate,JCSD5076
2561240195,Joanne,Alan,Boyd,Sudanese,joanne.boyd@Hotmail.com,546622408,25/11/1964,Retail,OSQZ5228
2065393292,Jonathan,Lori,Miller,Pakistani,jonathan.miller@Uj.edu.sa,567415354,04/07/1992,Corporate,QORD5682
2171115230,Sean,Brian,Arnold,Saudi,sean.arnold@Gov.sa,543785154,13/02/2006,Retail,AJUX9436
2652150800,Philip,Michael,Smith,Saudi,philip.smith@Gov.sa,546517532,04/03/1988,Corporate,ADUK2329
2454980486,Benjamin,Lori,Anderson,Egyptian,benjamin.anderson@Kau.edu.sa,515936925,25/11/1966,Retail,TXWG4397
2240442131,Jeffrey,Teresa,Jones,Saudi,jeffrey.jones@Kau.edu.sa,590936426,17/05/1981,Retail,DLYD2954
2967877382,Adriana,Denise,Harris,Pakistani,adriana.harris@Hotmail.com,559938757,20/12/1969,Corporate,PVLW3501
1117701079,Mary,Tamara,Holland,Saudi,mary.holland@Gmail.com,549641525,04/05/1960,Corporate,ZMPH8200
1453571234,Toni,Isabella,Boyle,Saudi,toni.boyle@Kau.edu.sa,516404119,19/02/1975,Retail,IPXJ9050
2222604376,Ray,Crystal,Nelson,American,ray.nelson@Kau.edu.sa,543093903,12/12/2002,Retail,ZXVN4732
2807186118,Angela,Eric,Boyd,Saudi,angela.boyd@Yahoo.com,545192354,16/02/2010,Retail,UBJM2034
1005655428,Lisa,Aaron,Lawrence,Saudi,lisa.lawrence@iCloud.com,547512292,05/12/1993,Corporate,IHFV3426
2196816266,James,Mikayla,Sanchez,Bangladeshi,james.sanchez@iCloud.com,545971126,12/09/1998,Retail,IVUB1681
1440706720,Megan,Gary,Estrada,Saudi,megan.estrada@Kau.edu.sa,536475253,09/01/1997,Retail,JUFQ8185
2997516845,Gary,John,Kennedy,Saudi,gary.kennedy@Hotmail.com,565871022,12/07/2018,Retail,GAYQ2562
2527755951,Jamie,Melissa,Quinn,Indian,jamie.quinn@Gov.sa,527573491,16/05/2003,Corporate,UFBZ1997
2964042305,Rebecca,Madison,White,Saudi,rebecca.white@Uj.edu.sa,511012836,17/04/2016,Retail,VVBV9551
2520323612,Charles,Jason,Murray,Pakistani,charles.murray@Yahoo.com,568734088,05/08/1985,Retail,OFES1751
2879246349,Charles,Julie,Smith,Saudi,charles.smith@Gov.sa,542673322,05/03/1988,Retail,FFVW6664
2668844726,Cory,Tina,Barber,Sudanese,cory.barber@Yahoo.com,579891503,20/12/1967,Corporate,YEGS9077
1247513329,Jeanne,Manuel,Kelley,Saudi,jeanne.kelley@Gov.sa,558679131,25/03/1955,Corporate,CIGE9645
2025877057,Maria,Victoria,Jackson,Jordanian,maria.jackson@iCloud.com,513831154,05/11/1962,Corporate,MUUI5188
1808343543,Walter,Philip,Wong,Indian,walter.wong@Outlook.com,525718764,02/08/1975,Retail,HQEA9556
1134314515,Donald,William,Ortiz,Saudi,donald.ortiz@Gov.sa,595281898,23/01/1991,Retail,GCWZ7525
2888191727,Vincent,Kelly,Doyle,Saudi,vincent.doyle@Yahoo.com,536640830,10/03/2016,Retail,RSKW5396
2161184924,John,Jeffrey,Torres,Saudi,john.torres@Uj.edu.sa,559212471,31/07/1962,Retail,RWCW1766
1236522150,Mark,Zachary,Rodriguez,Pakistani,mark.rodriguez@Gmail.com,546297999,06/06/1970,Retail,JADM1603
1840745089,Kristen,Richard,Alvarado,Saudi,kristen.alvarado@Hotmail.com,580869267,14/08/1981,Corporate,GFWR8825
1615036059,Clayton,Gwendolyn,Whitaker,Saudi,clayton.whitaker@Outlook.com,542481808,13/04/1992,Corporate,DFPK5649
1870976108,Erik,Courtney,Garrett,Saudi,erik.garrett@iCloud.com,573626228,26/12/1958,Retail,LYCK6667
1297386929,Jessica,Kari,Goodwin,Syrian,jessica.goodwin@Hotmail.com,545898645,19/02/1958,Retail,EQZO1918
2938762357,Kevin,John,Hawkins,Saudi,kevin.hawkins@iCloud.com,510847971,26/11/1977,Corporate,PCJS7699
1811304321,Teresa,Julia,Thompson,Syrian,teresa.thompson@Gov.sa,567243782,01/12/1976,Corporate,SECL6261
1584421679,Phillip,James,Singleton,Saudi,phillip.singleton@iCloud.com,532260304,02/11/1976,Retail,HEFO4847
1895999753,Virginia,Ashley,Scott,Saudi,virginia.scott@Kau.edu.sa,573610358,08/06/2011,Retail,TYFS2566
1566430914,Christina,Rebecca,Love,American,christina.love@Hotmail.com,517701226,06/03/1972,Retail,YNFT1366
1361082611,Sherry,Nicholas,Reid,Pakistani,sherry.reid@iCloud.com,556958743,18/09/1953,Corporate,RNKV3320
2115447579,Glenn,Brenda,Hansen,American,glenn.hansen@Outlook.com,523209474,12/03/1985,Corporate,ZOAA3637
2187918576,Cheryl,Amy,Martinez,Saudi,cheryl.martinez@Uj.edu.sa,538003132,10/07/1991,Retail,GLBY8991
1783226479,Joshua,Timothy,Fisher,Syrian,joshua.fisher@Yahoo.com,534566928,22/08/1958,Retail,MJCA9153
1381800886,Amanda,Dana,Yang,Saudi,amanda.yang@Outlook.com,532070406,09/12/1991,Retail,KDUW8338
2155751140,Caleb,Jenna,Zimmerman,Saudi,caleb.zimmerman@Uj.edu.sa,597868745,29/01/1956,Retail,ZUHG4649
1095681016,Rachel,Brian,Schmidt,Saudi,rachel.schmidt@Yahoo.com,528453544,24/11/1998,Retail,DBVC2353
1878032856,Bryan,Angela,Wilcox,Saudi,bryan.wilcox@Kau.edu.sa,534164950,21/05/2003,Retail,EEVT6495
2646233183,Dillon,Sarah,Baker,Bangladeshi,dillon.baker@Uj.edu.sa,518058870,18/02/1964,Retail,OJKX2714
2570284085,Jennifer,Karen,Mccann,Saudi,jennifer.mccann@Yahoo.com,540148258,03/12/1994,Retail,KLOH6324
2971751567,Ashley,Kelly,Briggs,Saudi,ashley.briggs@Gov.sa,533089637,24/10/1965,Retail,GBNB8920
1569657399,Lisa,Michelle,Todd,Saudi,lisa.todd@Kau.edu.sa,551958466,15/08/1975,Retail,MEKL3802
1315140852,Christopher,Matthew,David,Saudi,christopher.david@Yahoo.com,544884444,17/05/1989,Retail,OFFU9582
1985236961,Norma,Dale,Coffey,Saudi,norma.coffey@iCloud.com,584666130,21/11/2010,Corporate,JGAE7112
2618016118,Jerry,Thomas,Mcdonald,Saudi,jerry.mcdonald@Gov.sa,582617380,29/05/1964,Retail,AXBY7115
1376473524,Timothy,Tammie,Cline,Sudanese,timothy.cline@iCloud.com,548871248,25/01/2003,Corporate,UGGY2898
1890742917,Raymond,Daniel,Price,Saudi,raymond.price@Uj.edu.sa,591044530,16/04/1951,Retail,PHQR3729
1287630266,Amanda,Juan,Kane,Saudi,amanda.kane@iCloud.com,512320475,20/07/1996,Retail,EOQL7868
1272275397,Victoria,Elizabeth,Parker,Saudi,victoria.parker@Outlook.com,550892200,25/02/1954,Retail,TNHL8034
2862780034,Greg,Daniel,Harper,Jordanian,greg.harper@Hotmail.com,570769316,13/10/1952,Retail,HDSG8528
2420897883,Jason,Alexander,Lewis,Syrian,jason.lewis@Uj.edu.sa,594051897,10/08/2015,Retail,ULIH3307
2583102115,Lauren,Brooke,Pace,Sudanese,lauren.pace@Gmail.com,564635540,24/08/2007,Retail,WMGT2037
1777526865,Randall,Courtney,Delgado,Saudi,randall.delgado@iCloud.com,596249660,04/06/1993,Retail,EILU8070
1274622150,John,Dawn,Carney,Saudi,john.carney@Kau.edu.sa,556957149,29/04/1961,Retail,OLUA1910
2097274643,Hunter,Chloe,Holland,Sudanese,hunter.holland@Hotmail.com,519441806,02/11/1963,Retail,JRNN9894
2961170801,Justin,Billy,Bell,Saudi,justin.bell@Uj.edu.sa,519483745,26/05/1979,Corporate,VKPX3103
2996313911,Jimmy,Barbara,Cook,Saudi,jimmy.cook@Yahoo.com,510283688,14/10/2011,Retail,VTOE3871
1137219092,Grant,Edward,Stevens,Sudanese,grant.stevens@Hotmail.com,550696415,17/10/1974,Corporate,TOCA6629
1643874737,Robert,Billy,Cain,Jordanian,robert.cain@Gmail.com,582263547,17/10/1958,Retail,ILOL8059
2675767278,Nicole,Brandi,Cook,American,nicole.cook@Kau.edu.sa,570088783,04/07/1962,Corporate,JXNO2673
1893008074,Logan,Alan,Rodriguez,Saudi,logan.rodriguez@Gov.sa,569264904,08/11/1994,Corporate,XVPD3976
1232424090,Samuel,Michael,Burns,Jordanian,samuel.burns@Yahoo.com,591626913,20/06/1966,Retail,EKDL4819
2992284295,Rodney,Craig,Lara,Pakistani,rodney.lara@Yahoo.com,520577025,02/11/2009,Retail,YRBJ5848
1050503854,Linda,Sarah,Fisher,Saudi,linda.fisher@Gov.sa,574271676,09/01/2002,Retail,FJPX1638
2266427804,Matthew,Darryl,Jacobson,Saudi,matthew.jacobson@Hotmail.com,523587030,13/02/1992,Retail,NQQG1283
2784017463,Parker,Amy,Patel,Bangladeshi,parker.patel@iCloud.com,582208231,19/10/2011,Corporate,XBAR1521
1878124175,Erin,Lori,Lane,American,erin.lane@Yahoo.com,523969298,21/11/1997,Retail,YFHI9090
1932016359,Roy,Olivia,Wright,Indian,roy.wright@Gmail.com,589846596,31/03/1976,Corporate,XNAL2225
2693560508,Rebekah,Darren,Harvey,Egyptian,rebekah.harvey@Hotmail.com,552403979,29/12/2003,Retail,XMXY4996
1110103681,Andrea,Gregory,Hill,Saudi,andrea.hill@Kau.edu.sa,548840387,05/08/1977,Retail,WFVJ4082
2925813666,April,Tracey,Sparks,Saudi,april.sparks@Gov.sa,511646875,14/12/1978,Corporate,HCZS7435
1654512278,Benjamin,Amy,Owens,Saudi,benjamin.owens@Gov.sa,520496311,19/07/1992,Retail,AKFQ1891
1439077721,Kimberly,Krista,Snyder,Jordanian,kimberly.snyder@Gmail.com,537413682,01/09/2016,Retail,GSXY2553
1390651780,Troy,Nancy,Thompson,Saudi,troy.thompson@Uj.edu.sa,531917576,04/04/1981,Retail,OLOO7584
1018897179,Christopher,Benjamin,Gutierrez,Indian,christopher.gutierrez@Gov.sa,535061116,29/12/1969,Retail,HZDW2513
1681231192,James,Charles,Beck,Saudi,james.beck@Hotmail.com,547409765,10/01/1995,Corporate,GGCX1706
1214069546,April,Jeffery,Davis,Sudanese,april.davis@Hotmail.com,559439268,21/04/1999,Retail,DJZO7435
2166638789,Heather,Carlos,Peters,Saudi,heather.peters@Outlook.com,535450166,28/06/1995,Retail,GXOF5186
2199149232,James,Justin,Johnston,Egyptian,james.johnston@iCloud.com,595309405,20/08/1969,Retail,PKSW1772
1646003541,Colleen,Jason,Woods,Saudi,colleen.woods@Kau.edu.sa,524311734,17/08/1962,Retail,MQFI4923
1973954839,Richard,Kyle,Hoover,Saudi,richard.hoover@Uj.edu.sa,581246664,02/04/1984,Corporate,PVYF4589
1433206005,Nicole,Anthony,Lynch,Bangladeshi,nicole.lynch@Kau.edu.sa,554055080,29/05/1964,Retail,FTUD1137
2085826214,Zachary,Jennifer,Olsen,Syrian,zachary.olsen@Kau.edu.sa,575825194,25/09/1976,Retail,UPVW5873
2388289569,Matthew,Donald,Cole,Saudi,matthew.cole@Uj.edu.sa,592613813,04/03/1982,Retail,YHUP2861
2446673892,Chad,Hannah,Parker,Saudi,chad.parker@Kau.edu.sa,514477351,08/12/1960,Corporate,MFGQ3365
2524141089,Katie,Pam,Warren,Saudi,katie.warren@Kau.edu.sa,552806231,01/10/1983,Corporate,BTMN8612
1008329268,Amber,Bradley,Wallace,Saudi,amber.wallace@iCloud.com,536660676,23/06/1958,Retail,VAXB9502
1903167293,Allison,Emily,Martin,Jordanian,allison.martin@Uj.edu.sa,537100309,14/06/1991,Retail,JUNT7513
1616448777,Karen,Nathan,Austin,Saudi,karen.austin@Hotmail.com,514462893,27/06/1989,Corporate,ETIR7080
2387747316,David,James,Jacobson,Saudi,david.jacobson@Uj.edu.sa,560152138,28/10/1951,Retail,RBKK8000
2735235944,Sherry,Jose,Chang,Saudi,sherry.chang@Gmail.com,565136104,28/10/2005,Retail,WBUA3423
1728594898,Chad,Mary,Smith,Saudi,chad.smith@Hotmail.com,559476489,06/10/2005,Retail,VHND1130
1101056866,Gregory,Ian,Gallagher,Saudi,gregory.gallagher@Yahoo.com,585652726,31/08/1968,Corporate,GMTO8710
1277122981,Leslie,Bryan,Ellis,Saudi,leslie.ellis@Gov.sa,584920770,11/06/1951,Corporate,BXSS1010
2384048166,Timothy,Tonya,Vega,Saudi,timothy.vega@Kau.edu.sa,539443083,10/05/1987,Retail,XWNQ9112
1557535049,Susan,Steven,Shelton,Saudi,susan.shelton@iCloud.com,561947633,18/08/1994,Retail,LYDC1143
2031456873,Joshua,Edgar,Gilbert,Saudi,joshua.gilbert@Gov.sa,536743623,30/08/2004,Corporate,EDEG1670
2264521186,John,Justin,Smith,Saudi,john.smith@Gmail.com,543691557,19/11/1980,Retail,QHUU6303
1446033438,Lisa,James,Singh,Filipino,lisa.singh@Gmail.com,543815349,25/02/1965,Corporate,KSMT5495
2228711618,Jessica,James,Howard,Saudi,jessica.howard@Kau.edu.sa,541890080,07/02/1977,Retail,UKDH6122
2846411627,Maurice,Dawn,Mullins,Sudanese,maurice.mullins@Outlook.com,561890621,14/10/1996,Corporate,RBYW8864
1284331323,Garrett,Diana,Poole,Saudi,garrett.poole@Gmail.com,573257628,14/05/1993,Retail,BFVZ5439
2415601630,Carolyn,Kathryn,Roberts,Saudi,carolyn.roberts@Kau.edu.sa,583545902,11/03/1955,Retail,BSHG3130
2215379035,Joan,Alex,Thompson,Saudi,joan.thompson@Outlook.com,571327980,09/03/2001,Retail,IEXM4721
1501357534,Mary,Steven,Monroe,Saudi,mary.monroe@Kau.edu.sa,512298590,14/06/1974,Retail,FLSP9193
1376499991,Bradley,Tyler,Evans,Saudi,bradley.evans@Uj.edu.sa,540688151,04/07/1956,Corporate,KCBO5551
1744352179,Kelly,Mary,Carlson,Jordanian,kelly.carlson@Yahoo.com,527196505,11/01/2008,Retail,KXMJ6101
1814554532,Steven,Charles,Castillo,Saudi,steven.castillo@Gmail.com,589374988,29/07/2005,Retail,OLAS5047
2266655525,Carrie,James,Key,Saudi,carrie.key@Outlook.com,516047966,15/04/1951,Corporate,HLRF5941
2566747271,Jonathan,Jeremy,Stephens,Saudi,jonathan.stephens@Uj.edu.sa,593406911,27/09/1979,Corporate,ZCOI2510
2242504482,Samantha,David,Snyder,Egyptian,samantha.snyder@Yahoo.com,573733596,06/12/2012,Retail,IERW2945
1078331282,Charlotte,Ruth,Freeman,Saudi,charlotte.freeman@Gov.sa,532152209,13/08/1983,Retail,LKVJ7754
2474764512,Annette,Larry,Lewis,Saudi,annette.lewis@Outlook.com,524427303,02/03/1971,Corporate,NRLG7769
1441573807,Sandra,Michele,Mendez,Indian,sandra.mendez@Outlook.com,577073479,23/09/1953,Retail,KDHM5404
2883315162,Daniel,Seth,Graham,Saudi,daniel.graham@Gov.sa,534058952,02/11/1958,Corporate,JSRV6618
1818846135,Melissa,Teresa,Turner,Bangladeshi,melissa.turner@Yahoo.com,561392324,30/03/1998,Corporate,LEXY1705
2315874110,Brian,Keith,Montgomery,Sudanese,brian.montgomery@Gmail.com,598121195,01/05/1953,Retail,YBIV3070
1657288387,Christina,Joshua,Hunter,Bangladeshi,christina.hunter@Yahoo.com,566065169,29/01/1951,Retail,DWKR2604
1737982194,Andrew,Anthony,Morales,Saudi,andrew.morales@Outlook.com,587923151,21/01/1996,Corporate,CIBY5054
1361772576,Spencer,James,Riley,Saudi,spencer.riley@Gov.sa,536378493,24/03/1994,Corporate,SBVJ5224
1113294279,Thomas,Julia,Ramirez,Bangladeshi,thomas.ramirez@Gov.sa,543259463,27/10/2003,Retail,SQDH5463
2688942198,Sarah,Christopher,Montes,Saudi,sarah.montes@Gmail.com,568817380,05/05/1982,Retail,QCJK5146
1066811397,Patricia,Cheryl,Moore,Saudi,patricia.moore@Uj.edu.sa,511855627,08/01/1950,Retail,QPGR4596
2216453260,Frederick,Nathan,Carlson,Egyptian,frederick.carlson@Kau.edu.sa,538003946,15/05/1951,Corporate,ZAIR8608
1175633221,Amber,Daniel,Howard,Sudanese,amber.howard@Outlook.com,579301470,07/06/1992,Retail,VNQV3328
2816113481,Emily,Jeffrey,Ramirez,Saudi,emily.ramirez@Gov.sa,536713744,23/04/2000,Retail,JDKW1447
1988770527,Seth,Louis,Graham,American,seth.graham@iCloud.com,598643179,27/12/1986,Retail,JPNA5932